Company,ID,Domain,Proposition,,,,,,,,,,,,
Quench Botanics    ,@quenchbotanics,Science Skincare  ,clinical ingredient skincare for sensitive skin,,,,,,,,,,,,
Anua    ,@anua_global,Science Skincare  ,clinical skincare powered by proven actives,,,,,,,,,,,,
Auli Lifestyle   ,@auliglow,Science Skincare  ,science driven acne and barrier repair,,,,,,,,,,,,
Cetaphil India   ,@cetaphil_india,Science Skincare  ,dermatology backed active ingredient skincare,,,,,,,,,,,,
COSRX    ,@cosrx,Science Skincare  ,clinical ingredient skincare for sensitive skin,,,,,,,,,,,,
Simple    ,@simpleskin,Science Skincare  ,lab formulated skincare for real results,,,,,,,,,,,,
Isntree    ,@isntree,Science Skincare  ,dermatology backed active ingredient skincare,,,,,,,,,,,,
Plum    ,@plumgoodness,Natural Skincare  ,plant powered skincare for everyday glow,,,,,,,,,,,,
Khadi Natural   ,@khadinatural,Natural Skincare  ,ayurvedic inspired clean beauty rituals,,,,,,,,,,,,
Juicy Chemistry   ,@juicy_chemistry,Natural Skincare  ,plant powered skincare for everyday glow,,,,,,,,,,,,
NatHabit    ,@nathabit.in,Natural Skincare  ,herbal ingredient beauty with modern formulation,,,,,,,,,,,,
Forest Essentials   ,@forestessentials,Natural Skincare  ,herbal ingredient beauty with modern formulation,,,,,,,,,,,,
Kama Ayurveda   ,@kamaayurveda,Natural Skincare  ,plant powered skincare for everyday glow,,,,,,,,,,,,
SoulTree    ,@soultree.in,Natural Skincare  ,natural toxin free skincare essentials,,,,,,,,,,,,
Just Herbs   ,@justherbsindia,Natural Skincare  ,clean botanical skincare rooted in nature,,,,,,,,,,,,
Biotique    ,@biotique_world,Natural Skincare  ,ayurvedic inspired clean beauty rituals,,,,,,,,,,,,
Lotus Herbals   ,@lotus_herbals,Natural Skincare  ,clean botanical skincare rooted in nature,,,,,,,,,,,,
Organic Harvest   ,@oh_ind,Natural Skincare  ,plant powered skincare for everyday glow,,,,,,,,,,,,
Rustic Art   ,@rusticart,Natural Skincare  ,plant powered skincare for everyday glow,,,,,,,,,,,,
Bare Necessities   ,@barenecessities,Natural Skincare  ,herbal ingredient beauty with modern formulation,,,,,,,,,,,,
Clean Hippie   ,@cleanhippiecbd,Natural Skincare  ,natural toxin free skincare essentials,,,,,,,,,,,,
Vilvah    ,@vilvah_,Natural Skincare  ,clean botanical skincare rooted in nature,,,,,,,,,,,,
Suganda    ,@suganda.co,Natural Skincare  ,clean botanical skincare rooted in nature,,,,,,,,,,,,
Arata    ,@arata.in,Hair Care  ,salon inspired haircare for stronger hair,,,,,,,,,,,,
Fix My   ,@fiixmycurls,Hair Care  ,nutrient rich haircare for healthier strands,,,,,,,,,,,,
Ashba Botanics   ,@ashbabotanics,Hair Care  ,curl care and scalp focused treatments,,,,,,,,,,,,
Traya    ,@traya.health,Hair Care  ,targeted hair repair and scalp health,,,,,,,,,,,,
Love Beauty & Planet India,@lovebeautyandplanet,Hair Care  ,curl care and scalp focused treatments,,,,,,,,,,,,
Tresemme India   ,@tresemmeindia,Hair Care  ,targeted hair repair and scalp health,,,,,,,,,,,,
Schwarzkopf India   ,@schwarzkopfindia,Hair Care  ,targeted hair repair and scalp health,,,,,,,,,,,,
MyGlamm    ,@myglamm,Makeup   ,trend driven color cosmetics for everyday glam,,,,,,,,,,,,
Renee Cosmetics   ,@reneeofficial,Makeup   ,professional makeup for bold modern looks,,,,,,,,,,,,
Faces Canada   ,@facescanada,Makeup   ,high performance makeup for long wear,,,,,,,,,,,,
Colorbar    ,@lovecolorbar,Makeup   ,trend driven color cosmetics for everyday glam,,,,,,,,,,,,
Insight Cosmetics   ,@insightcosmetic,Makeup   ,professional makeup for bold modern looks,,,,,,,,,,,,
Iba Cosmetics   ,@ibacosmetics,Makeup   ,affordable beauty essentials for daily makeup,,,,,,,,,,,,
Lakme    ,@lakmeindia,Makeup   ,high performance makeup for long wear,,,,,,,,,,,,
Purplle    ,@letspurplle,Makeup   ,professional makeup for bold modern looks,,,,,,,,,,,,
Swiss Beauty   ,@officialswissbeauty,Makeup   ,affordable beauty essentials for daily makeup,,,,,,,,,,,,
Makeup Revolution India  ,@makeuprevolutionindia,Makeup   ,trend driven color cosmetics for everyday glam,,,,,,,,,,,,
Nykaa Cosmetics   ,@nykaacosmetics,Makeup   ,affordable beauty essentials for daily makeup,,,,,,,,,,,,
Huda Beauty   ,@hudabeauty,Makeup   ,statement cosmetics designed for expressive beauty,,,,,,,,,,,,
Anastasia Beverly Hills  ,@anastasiabeverlyhills,Makeup   ,trend driven color cosmetics for everyday glam,,,,,,,,,,,,
Too Faced   ,@toofaced,Makeup   ,affordable beauty essentials for daily makeup,,,,,,,,,,,,
Smashbox    ,@smashboxcosmetics,Makeup   ,statement cosmetics designed for expressive beauty,,,,,,,,,,,,
Ola Ora   ,@_ola_ora_,Oral Care  ,modern brand shaping oral care experiences,,,,,,,,,,,,
Salt Oral Care  ,@ordersalt,Oral Care  ,modern brand shaping oral care experiences,,,,,,,,,,,,
Raho Safe   ,@rahosafein,Oral Care  ,modern brand shaping oral care experiences,,,,,,,,,,,,
Brushd    ,@just_brushd,Oral Care  ,modern brand shaping oral care experiences,,,,,,,,,,,,
GutBio    ,@gutbio,Oral Care  ,modern brand shaping oral care experiences,,,,,,,,,,,,
Uncle Peter's   ,@unclepeters,Oral Care  ,modern brand shaping oral care experiences,,,,,,,,,,,,
Oraa Care   ,@oraacaresmiledental,Oral Care  ,modern brand shaping oral care experiences,,,,,,,,,,,,
Dr Gums   ,@themouthdr,Oral Care  ,modern brand shaping oral care experiences,,,,,,,,,,,,
Trycone    ,@tryconeofficial,Oral Care  ,modern brand shaping oral care experiences,,,,,,,,,,,,
Curie Life   ,@teatromariecurie,Oral Care  ,modern brand shaping oral care experiences,,,,,,,,,,,,
Carmesi    ,@mycarmesi,Feminine Hygiene  ,modern brand shaping feminine hygiene experiences,,,,,,,,,,,,
Azah    ,@azahcare,Feminine Hygiene  ,modern brand shaping feminine hygiene experiences,,,,,,,,,,,,
The Woman's Company  ,@thewomanscompany,Feminine Hygiene  ,modern brand shaping feminine hygiene experiences,,,,,,,,,,,,
Saathi    ,@saathipads,Feminine Hygiene  ,modern brand shaping feminine hygiene experiences,,,,,,,,,,,,
Niine    ,@niineindia,Feminine Hygiene  ,modern brand shaping feminine hygiene experiences,,,,,,,,,,,,
Everteen    ,@everteen_wd,Feminine Hygiene  ,modern brand shaping feminine hygiene experiences,,,,,,,,,,,,
Asan Cup   ,@asancup,Feminine Hygiene  ,modern brand shaping feminine hygiene experiences,,,,,,,,,,,,
Max Fashion   ,@couture.to.the.max,Sexual Wellness  ,modern brand shaping sexual wellness experiences,,,,,,,,,,,,
MyMuse    ,@mymuse.in,Sexual Wellness  ,modern brand shaping sexual wellness experiences,,,,,,,,,,,,
Misters    ,@mistersdotin,Sexual Wellness  ,modern brand shaping sexual wellness experiences,,,,,,,,,,,,
Bombae    ,@mybombae__,Sexual Wellness  ,modern brand shaping sexual wellness experiences,,,,,,,,,,,,
Isayaah    ,@isayaah__,Sexual Wellness  ,modern brand shaping sexual wellness experiences,,,,,,,,,,,,
Love Depot   ,@lovedepotofficial,Sexual Wellness  ,modern brand shaping sexual wellness experiences,,,,,,,,,,,,
Plume    ,@plumepoetry,Sexual Wellness  ,modern brand shaping sexual wellness experiences,,,,,,,,,,,,
Obino    ,@obinochisala11,Sexual Wellness  ,modern brand shaping sexual wellness experiences,,,,,,,,,,,,
Gytree    ,@askgytree,Sexual Wellness  ,modern brand shaping sexual wellness experiences,,,,,,,,,,,,
Flo Health   ,@flotracker,Sexual Wellness  ,modern brand shaping sexual wellness experiences,,,,,,,,,,,,
Man Matters   ,@manmatters.hair,Sexual Wellness  ,modern brand shaping sexual wellness experiences,,,,,,,,,,,,
The Moms Co  ,@themomsco,Baby Care  ,modern brand shaping baby care experiences,,,,,,,,,,,,
Slurrp Farm   ,@slurrpfarm,Baby Care  ,modern brand shaping baby care experiences,,,,,,,,,,,,
Baby Forest   ,@babyforestayurveda,Baby Care  ,modern brand shaping baby care experiences,,,,,,,,,,,,
Bebe Burp   ,@bebeburp,Baby Care  ,modern brand shaping baby care experiences,,,,,,,,,,,,
Gaia Baby   ,@gaiababynursery,Baby Care  ,modern brand shaping baby care experiences,,,,,,,,,,,,
Mom & World  ,@momandworld,Baby Care  ,modern brand shaping baby care experiences,,,,,,,,,,,,
Flintobox    ,@flintobox,Baby Care  ,modern brand shaping baby care experiences,,,,,,,,,,,,
Chicco India   ,@chicco_india,Baby Care  ,modern brand shaping baby care experiences,,,,,,,,,,,,
Mothercare India   ,@mothercare_india,Baby Care  ,modern brand shaping baby care experiences,,,,,,,,,,,,
FirstCry    ,@firstcryindia,Baby Care  ,modern brand shaping baby care experiences,,,,,,,,,,,,
LuvLap    ,@luvlap.in,Baby Care  ,modern brand shaping baby care experiences,,,,,,,,,,,,
Johnson's Baby India  ,@amy_and_mommy,Baby Care  ,modern brand shaping baby care experiences,,,,,,,,,,,,
Oziva    ,@ozivanutrition,Supplements   ,science backed vitamins for modern lifestyles,,,,,,,,,,,,
Fast&Up    ,@fastandup_performance,Supplements   ,clean supplements supporting everyday health,,,,,,,,,,,,
Setu Nutrition   ,@setuindia,Supplements   ,clean supplements supporting everyday health,,,,,,,,,,,,
Kapiva    ,@kapiva_official,Supplements   ,functional nutrition designed for active living,,,,,,,,,,,,
Himalayan Organics   ,@the_himalayan_organics,Supplements   ,daily nutrition supplements for holistic wellness,,,,,,,,,,,,
Power Gummies   ,@power_gummies,Supplements   ,clean supplements supporting everyday health,,,,,,,,,,,,
Carbamide Forte   ,@carbamideforte,Supplements   ,targeted nutrition for energy immunity performance,,,,,,,,,,,,
Unived    ,@univedusa,Supplements   ,science backed vitamins for modern lifestyles,,,,,,,,,,,,
INLIFE    ,@inlifehealthcare,Supplements   ,science backed vitamins for modern lifestyles,,,,,,,,,,,,
Nutrabay    ,@nutrabay,Supplements   ,science backed vitamins for modern lifestyles,,,,,,,,,,,,
Organic India   ,@organicindiaofficial,Ayurveda   ,modern brand shaping ayurveda experiences,,,,,,,,,,,,
Himalaya Wellness   ,@himalayawellnesscompany,Ayurveda   ,modern brand shaping ayurveda experiences,,,,,,,,,,,,
Dabur    ,@daburnorthamerica,Ayurveda   ,modern brand shaping ayurveda experiences,,,,,,,,,,,,
Zandu    ,@zanducareofficial,Ayurveda   ,modern brand shaping ayurveda experiences,,,,,,,,,,,,
Kerala Ayurveda   ,@keralaayurvedaltd,Ayurveda   ,modern brand shaping ayurveda experiences,,,,,,,,,,,,
Dr Vaidya's   ,@dr.vaidyas,Ayurveda   ,modern brand shaping ayurveda experiences,,,,,,,,,,,,
Nirogam    ,@nirogam_ayurveda,Ayurveda   ,modern brand shaping ayurveda experiences,,,,,,,,,,,,
Sri Sri Tattva  ,@srisritattva,Ayurveda   ,modern brand shaping ayurveda experiences,,,,,,,,,,,,
Satvic Movement   ,@satvicmovement,Ayurveda   ,modern brand shaping ayurveda experiences,,,,,,,,,,,,
Charak Pharma   ,@charakpharma,Ayurveda   ,modern brand shaping ayurveda experiences,,,,,,,,,,,,
AVP Ayurveda   ,@avpayurveda,Ayurveda   ,modern brand shaping ayurveda experiences,,,,,,,,,,,,
Yoga Bar   ,@yogabarzanzibar,Functional Foods  ,smart snacking powered by wholesome nutrition,,,,,,,,,,,,
Farmley    ,@farmleyin,Functional Foods  ,everyday healthy foods with real ingredients,,,,,,,,,,,,
Happilo    ,@happiloindia,Functional Foods  ,clean label snacks with functional benefits,,,,,,,,,,,,
Nourish You   ,@onegood.in,Functional Foods  ,nutrition focused foods for active lifestyles,,,,,,,,,,,,
Ketofy    ,@ketofy.in,Functional Foods  ,nutrition focused foods for active lifestyles,,,,,,,,,,,,
OOO Farms   ,@ooofarms,Functional Foods  ,clean label snacks with functional benefits,,,,,,,,,,,,
Bagrrys    ,@bagrrys,Functional Foods  ,nutrition focused foods for active lifestyles,,,,,,,,,,,,
Snack Amor   ,@snackamor,Functional Foods  ,smart snacking powered by wholesome nutrition,,,,,,,,,,,,
Gudmom    ,@gudmomindia,Functional Foods  ,everyday healthy foods with real ingredients,,,,,,,,,,,,
Grainful    ,@grainfulgoodness,Functional Foods  ,everyday healthy foods with real ingredients,,,,,,,,,,,,
Sampoorna Ahara   ,@sampoornaahara,Functional Foods  ,everyday healthy foods with real ingredients,,,,,,,,,,,,
Tong Garden India  ,@tonggardenfood,Functional Foods  ,nutrition focused foods for active lifestyles,,,,,,,,,,,,
RiteBite    ,@ritebite_maxprotein,Functional Foods  ,smart snacking powered by wholesome nutrition,,,,,,,,,,,,
Oziva    ,@ozivanutrition,Protein Nutrition  ,modern brand shaping protein nutrition experiences,,,,,,,,,,,,
Boldfit    ,@boldfit_official,Protein Nutrition  ,modern brand shaping protein nutrition experiences,,,,,,,,,,,,
Nutrabay    ,@nutrabay,Protein Nutrition  ,modern brand shaping protein nutrition experiences,,,,,,,,,,,,
AS-IT-IS Nutrition   ,@asitisnutrition,Protein Nutrition  ,modern brand shaping protein nutrition experiences,,,,,,,,,,,,
Scitron    ,@scitronpro,Protein Nutrition  ,modern brand shaping protein nutrition experiences,,,,,,,,,,,,
Avvatar    ,@avvatarindia,Protein Nutrition  ,modern brand shaping protein nutrition experiences,,,,,,,,,,,,
BigMuscles    ,@bigmuscles_nutrition_stores,Protein Nutrition  ,modern brand shaping protein nutrition experiences,,,,,,,,,,,,
Steadfast Nutrition   ,@steadfastnutrition,Protein Nutrition  ,modern brand shaping protein nutrition experiences,,,,,,,,,,,,
Athlo Nutrition   ,@athlonnutrition,Protein Nutrition  ,modern brand shaping protein nutrition experiences,,,,,,,,,,,,
Six Pack Nutrition  ,@sixpack.nutrition,Protein Nutrition  ,modern brand shaping protein nutrition experiences,,,,,,,,,,,,
ProNutritionist    ,@pronutritionist,Protein Nutrition  ,modern brand shaping protein nutrition experiences,,,,,,,,,,,,
HK Vitals   ,@hkvitals,Protein Nutrition  ,modern brand shaping protein nutrition experiences,,,,,,,,,,,,
GNC India   ,@guardiangnc,Protein Nutrition  ,modern brand shaping protein nutrition experiences,,,,,,,,,,,,
Fast&Up Sports   ,@fastcompany,Protein Nutrition  ,modern brand shaping protein nutrition experiences,,,,,,,,,,,,
Carbamide Forte   ,@carbamideforte,Protein Nutrition  ,modern brand shaping protein nutrition experiences,,,,,,,,,,,,
Araku Coffee   ,@arakucoffee,Specialty Coffee  ,premium beans sourced from unique origins,,,,,,,,,,,,
Country Bean   ,@countrybeancoffee,Specialty Coffee  ,specialty brews celebrating origin and roasting,,,,,,,,,,,,
,,Specialty Coffee  ,craft coffee roasted for rich flavor,,,,,,,,,,,,
KC Roasters   ,@kccoffeecollectiveco,Specialty Coffee  ,specialty brews celebrating origin and roasting,,,,,,,,,,,,
Black Baza Coffee  ,@blackbazacoffee,Specialty Coffee  ,indie coffee culture built on craft roasting,,,,,,,,,,,,
Curious Life Coffee  ,@curiouslifecoffee,Specialty Coffee  ,specialty brews celebrating origin and roasting,,,,,,,,,,,,
Woke Roastery   ,@wokecoffee.club,Specialty Coffee  ,indie coffee culture built on craft roasting,,,,,,,,,,,,
Jimmy's Iced Coffee  ,@jimmysicedcoffee,Specialty Coffee  ,specialty roasted coffee crafted for enthusiasts,,,,,,,,,,,,
Subko Coffee   ,@subkocoffee,Specialty Coffee  ,craft coffee roasted for rich flavor,,,,,,,,,,,,
Corridor Seven Coffee  ,@corridorsevencoffee,Specialty Coffee  ,specialty brews celebrating origin and roasting,,,,,,,,,,,,
Devans Coffee   ,@devanscoffee,Specialty Coffee  ,premium beans sourced from unique origins,,,,,,,,,,,,
Beanly Coffee   ,@beanly,Specialty Coffee  ,specialty brews celebrating origin and roasting,,,,,,,,,,,,
Tea Trunk   ,@teatrunk,Specialty Tea  ,single estate teas with authentic flavor,,,,,,,,,,,,
Karma Kettle   ,@karmakettleteas,Specialty Tea  ,premium whole leaf teas from estates,,,,,,,,,,,,
Sancha Tea   ,@sanchateaboutique,Specialty Tea  ,premium whole leaf teas from estates,,,,,,,,,,,,
Golden Tips Tea  ,@goldentipsindia,Specialty Tea  ,specialty teas crafted for refined taste,,,,,,,,,,,,
Halmari Tea   ,@halmaritea,Specialty Tea  ,single estate teas with authentic flavor,,,,,,,,,,,,
Vedic Tea   ,@vedicteasuae,Specialty Tea  ,premium whole leaf teas from estates,,,,,,,,,,,,
Dorje Teas   ,@dorjeteas,Specialty Tea  ,heritage teas sourced from select gardens,,,,,,,,,,,,
Tea Sense   ,@theteasense,Specialty Tea  ,heritage teas sourced from select gardens,,,,,,,,,,,,
The Tea Shelf  ,@theteashelf,Specialty Tea  ,luxury tea blends for modern drinkers,,,,,,,,,,,,
Chamong Tea   ,@chamongteaonline,Specialty Tea  ,luxury tea blends for modern drinkers,,,,,,,,,,,,
Tea Treasure   ,@teatreasure.official,Specialty Tea  ,heritage teas sourced from select gardens,,,,,,,,,,,,
Mittal Teas   ,@mittalteas,Specialty Tea  ,luxury tea blends for modern drinkers,,,,,,,,,,,,
Sids Farm   ,@sidsfarmpure,Dairy & Farm ,modern brand shaping dairy & farm experiences,,,,,,,,,,,,
Pride of Cows  ,@prideofcowsindia,Dairy & Farm ,modern brand shaping dairy & farm experiences,,,,,,,,,,,,
Jivika Naturals   ,@jivikafood,Dairy & Farm ,modern brand shaping dairy & farm experiences,,,,,,,,,,,,
The Cheese Collective  ,@thecheesecollective,Dairy & Farm ,modern brand shaping dairy & farm experiences,,,,,,,,,,,,
La Ferme Cheese  ,@lafermecheese,Dairy & Farm ,modern brand shaping dairy & farm experiences,,,,,,,,,,,,
Probutter    ,@probutter,Dairy & Farm ,modern brand shaping dairy & farm experiences,,,,,,,,,,,,
Raw Pressery   ,@rawpressery,Dairy & Farm ,modern brand shaping dairy & farm experiences,,,,,,,,,,,,
Amul    ,@amul_india,Dairy & Farm ,modern brand shaping dairy & farm experiences,,,,,,,,,,,,
Mother Dairy   ,@motherdairy,Dairy & Farm ,modern brand shaping dairy & farm experiences,,,,,,,,,,,,
Gowardhan    ,@gowardhanindia,Dairy & Farm ,modern brand shaping dairy & farm experiences,,,,,,,,,,,,
Milky Mist   ,@milkymistdairy,Dairy & Farm ,modern brand shaping dairy & farm experiences,,,,,,,,,,,,
Blue Tribe   ,@bluetribeofficial,Plant-Based   ,modern brand shaping plant-based experiences,,,,,,,,,,,,
Shaka Harry   ,@shakaharryind,Plant-Based   ,modern brand shaping plant-based experiences,,,,,,,,,,,,
Only Earth   ,@onlyearthofficial,Plant-Based   ,modern brand shaping plant-based experiences,,,,,,,,,,,,
Urban Platter   ,@urbanplatter.in,Plant-Based   ,modern brand shaping plant-based experiences,,,,,,,,,,,,
So Good   ,@sogoodsoooogood,Plant-Based   ,modern brand shaping plant-based experiences,,,,,,,,,,,,
Vegan Pantry   ,@the_vegan_pantry,Plant-Based   ,modern brand shaping plant-based experiences,,,,,,,,,,,,
Eat With Better  ,@eatwithbetter,Plant-Based   ,modern brand shaping plant-based experiences,,,,,,,,,,,,
Vegolution    ,@sarah.broome,Plant-Based   ,modern brand shaping plant-based experiences,,,,,,,,,,,,
Green Sense   ,@greensenseorganic,Plant-Based   ,modern brand shaping plant-based experiences,,,,,,,,,,,,
Alt Co   ,@thealtcompany,Plant-Based   ,modern brand shaping plant-based experiences,,,,,,,,,,,,
Plantaway    ,@plantawayfoods,Plant-Based   ,modern brand shaping plant-based experiences,,,,,,,,,,,,
Terra Greens   ,@terragreensorg,Plant-Based   ,modern brand shaping plant-based experiences,,,,,,,,,,,,
Epigamia Vegan   ,@epigamiaindiaofficial,Plant-Based   ,modern brand shaping plant-based experiences,,,,,,,,,,,,
Oatly    ,@oatly,Plant-Based   ,modern brand shaping plant-based experiences,,,,,,,,,,,,
Califia Farms   ,@califiafarms,Plant-Based   ,modern brand shaping plant-based experiences,,,,,,,,,,,,
Jimmys Cocktails   ,@jimmysbeverages,Beverages   ,modern brand shaping beverages experiences,,,,,,,,,,,,
&Stirred    ,@bba_development_inc,Beverages   ,modern brand shaping beverages experiences,,,,,,,,,,,,
Sula Vineyards   ,@sula_vineyards,Beverages   ,modern brand shaping beverages experiences,,,,,,,,,,,,
Grover Zampa   ,@groverzampa,Beverages   ,modern brand shaping beverages experiences,,,,,,,,,,,,
Amrut Distilleries   ,@amrutdistilleries,Beverages   ,modern brand shaping beverages experiences,,,,,,,,,,,,
Godawan    ,@godawansinglemalt,Beverages   ,modern brand shaping beverages experiences,,,,,,,,,,,,
Stranger & Sons  ,@strangerandsons,Beverages   ,modern brand shaping beverages experiences,,,,,,,,,,,,
White Owl   ,@whiteowlbrewery,Beverages   ,modern brand shaping beverages experiences,,,,,,,,,,,,
Simba Beer   ,@simbabeer,Beverages   ,modern brand shaping beverages experiences,,,,,,,,,,,,
Rise Kombucha   ,@risekombucha,Beverages   ,modern brand shaping beverages experiences,,,,,,,,,,,,
Bhu Kombucha   ,@bhuliving,Beverages   ,modern brand shaping beverages experiences,,,,,,,,,,,,
Paper Boat   ,@paperboatdrinks,Beverages   ,modern brand shaping beverages experiences,,,,,,,,,,,,
The Pant Project  ,@thepantproject,Men's Fashion  ,youth driven fashion with bold identity,,,,,,,,,,,,
Rare Rabbit   ,@rarerabbit_in,Men's Fashion  ,modern menswear built for everyday style,,,,,,,,,,,,
Wrogn    ,@staywrogn,Men's Fashion  ,contemporary apparel for confident modern men,,,,,,,,,,,,
Andamen    ,@andamenlife,Men's Fashion  ,contemporary apparel for confident modern men,,,,,,,,,,,,
Bewakoof    ,@bewakoofofficial,Men's Fashion  ,youth driven fashion with bold identity,,,,,,,,,,,,
XYXX    ,@xyxxcrew,Men's Fashion  ,contemporary apparel for confident modern men,,,,,,,,,,,,
The Bear House  ,@bearhouseindia,Men's Fashion  ,smart casual fashion for urban men,,,,,,,,,,,,
Urbanic    ,@urbanic.official,Womens Fashion  ,modern brand shaping womens fashion experiences,,,,,,,,,,,,
20Dresses    ,@20dresses,Womens Fashion  ,modern brand shaping womens fashion experiences,,,,,,,,,,,,
Fashor    ,@fashor_com,Womens Fashion  ,modern brand shaping womens fashion experiences,,,,,,,,,,,,
FableStreet    ,@fable.street,Womens Fashion  ,modern brand shaping womens fashion experiences,,,,,,,,,,,,
AKS Clothing   ,@aks.clothing,Womens Fashion  ,modern brand shaping womens fashion experiences,,,,,,,,,,,,
Indya    ,@indya,Womens Fashion  ,modern brand shaping womens fashion experiences,,,,,,,,,,,,
Label Life   ,@thelabellife,Womens Fashion  ,modern brand shaping womens fashion experiences,,,,,,,,,,,,
Chalk Studio   ,@chalkstudio,Womens Fashion  ,modern brand shaping womens fashion experiences,,,,,,,,,,,,
Aurelia    ,@aurelia_womenswear,Womens Fashion  ,modern brand shaping womens fashion experiences,,,,,,,,,,,,
Biba    ,@bibaindia,Womens Fashion  ,modern brand shaping womens fashion experiences,,,,,,,,,,,,
Global Desi   ,@myglobaldesi,Womens Fashion  ,modern brand shaping womens fashion experiences,,,,,,,,,,,,
Libas    ,@libasindia,Womens Fashion  ,modern brand shaping womens fashion experiences,,,,,,,,,,,,
Suta    ,@suta_bombay,Womens Fashion  ,modern brand shaping womens fashion experiences,,,,,,,,,,,,
FabIndia    ,@fabindiaofficial,Womens Fashion  ,modern brand shaping womens fashion experiences,,,,,,,,,,,,
W for Woman  ,@wforwoman,Womens Fashion  ,modern brand shaping womens fashion experiences,,,,,,,,,,,,
Rangriti    ,@rangriti,Womens Fashion  ,modern brand shaping womens fashion experiences,,,,,,,,,,,,
Okhai    ,@okhai_org,Womens Fashion  ,modern brand shaping womens fashion experiences,,,,,,,,,,,,
Comet    ,@thecometuniverse,Footwear   ,performance footwear blending comfort and style,,,,,,,,,,,,
Bacca Bucci   ,@bacca_bucci,Footwear   ,performance footwear blending comfort and style,,,,,,,,,,,,
Birkenstock India   ,@birkenstockin,Footwear   ,performance footwear blending comfort and style,,,,,,,,,,,,
Yoho    ,@yoho_lifestyle,Footwear   ,performance footwear blending comfort and style,,,,,,,,,,,,
Gully Labs   ,@gullylabs,Footwear   ,performance footwear blending comfort and style,,,,,,,,,,,,
Campus Shoes   ,@campusshoes,Footwear   ,affordable fashion footwear for daily use,,,,,,,,,,,,
Red Tape   ,@redtapeindia,Footwear   ,affordable fashion footwear for daily use,,,,,,,,,,,,
Woodland    ,@woodland_mod,Footwear   ,performance footwear blending comfort and style,,,,,,,,,,,,
Adidas India   ,@adidasindia,Footwear   ,modern shoes designed for active lifestyles,,,,,,,,,,,,
Puma India   ,@pumaindia,Footwear   ,performance footwear blending comfort and style,,,,,,,,,,,,
DailyObjects    ,@dailyobjects_official,Bags & Accessories ,modern brand shaping bags & accessories experiences,,,,,,,,,,,,
Uppercase    ,@uppercasehq,Bags & Accessories ,modern brand shaping bags & accessories experiences,,,,,,,,,,,,
Melorra    ,@melorra_com,Jewelry   ,modern brand shaping jewelry experiences,,,,,,,,,,,,
CaratLane    ,@caratlane,Jewelry   ,modern brand shaping jewelry experiences,,,,,,,,,,,,
Bluestone    ,@bluestone_jewellery,Jewelry   ,modern brand shaping jewelry experiences,,,,,,,,,,,,
Voylla    ,@voylla,Jewelry   ,modern brand shaping jewelry experiences,,,,,,,,,,,,
Kushals    ,@kushalsfashionjewellery,Jewelry   ,modern brand shaping jewelry experiences,,,,,,,,,,,,
Tribe Amrapali   ,@tribebyamrapali,Jewelry   ,modern brand shaping jewelry experiences,,,,,,,,,,,,
Outhouse    ,@outhousejewellery,Jewelry   ,modern brand shaping jewelry experiences,,,,,,,,,,,,
Tarinika    ,@shoptarinika,Jewelry   ,modern brand shaping jewelry experiences,,,,,,,,,,,,
Sukkhi    ,@sukkhi_jewellery,Jewelry   ,modern brand shaping jewelry experiences,,,,,,,,,,,,
Priyaasi    ,@priyaasijewelry,Jewelry   ,modern brand shaping jewelry experiences,,,,,,,,,,,,
Amama    ,@amamajewels,Jewelry   ,modern brand shaping jewelry experiences,,,,,,,,,,,,
Zariin    ,@zariinjewelry,Jewelry   ,modern brand shaping jewelry experiences,,,,,,,,,,,,
Palmonas    ,@palmonas_official,Jewelry   ,modern brand shaping jewelry experiences,,,,,,,,,,,,
Kicky & Perky  ,@kickyandperky,Jewelry   ,modern brand shaping jewelry experiences,,,,,,,,,,,,
Irasva    ,@irasvafinejewellery,Jewelry   ,modern brand shaping jewelry experiences,,,,,,,,,,,,
Azga    ,@azgaofficial,Jewelry   ,modern brand shaping jewelry experiences,,,,,,,,,,,,
Anmol Jewellers   ,@anmoljewellers,Jewelry   ,modern brand shaping jewelry experiences,,,,,,,,,,,,
Lenskart    ,@lenskart,Eyewear   ,modern brand shaping eyewear experiences,,,,,,,,,,,,
Titan Eyeplus   ,@titaneyeplus,Eyewear   ,modern brand shaping eyewear experiences,,,,,,,,,,,,
ClearDekho    ,@cleardekho_com,Eyewear   ,modern brand shaping eyewear experiences,,,,,,,,,,,,
Coolwinks    ,@coolwinks_com,Eyewear   ,modern brand shaping eyewear experiences,,,,,,,,,,,,
Eyenic    ,@eyenic_eyewear,Eyewear   ,modern brand shaping eyewear experiences,,,,,,,,,,,,
GKB Opticals   ,@gkboptical,Eyewear   ,modern brand shaping eyewear experiences,,,,,,,,,,,,
Voyage Eyewear   ,@voyageeyewear,Eyewear   ,modern brand shaping eyewear experiences,,,,,,,,,,,,
Ted Smith   ,@tedsmithfashion,Eyewear   ,modern brand shaping eyewear experiences,,,,,,,,,,,,
Specsmakers    ,@specsmakersofficial,Eyewear   ,modern brand shaping eyewear experiences,,,,,,,,,,,,
Savage Eyewear   ,@savage_eyewear,Eyewear   ,modern brand shaping eyewear experiences,,,,,,,,,,,,
IDEE Eyewear   ,@ideeeyewear,Eyewear   ,modern brand shaping eyewear experiences,,,,,,,,,,,,
Warby Parker   ,@warbyparker,Eyewear   ,modern brand shaping eyewear experiences,,,,,,,,,,,,
Pepperfry    ,@pepperfry_official,Home Decor  ,modern home decor for stylish living,,,,,,,,,,,,
Urban Ladder   ,@urbanladder,Home Decor  ,premium decor elevating everyday interiors,,,,,,,,,,,,
WoodenStreet    ,@woodenstreet,Home Decor  ,art inspired decor for modern spaces,,,,,,,,,,,,
Home Centre India  ,@homecentreindia,Home Decor  ,modern home decor for stylish living,,,,,,,,,,,,
Chumbak    ,@chumbak,Home Decor  ,art inspired decor for modern spaces,,,,,,,,,,,,
The Decor Kart  ,@thedecorkart,Home Decor  ,curated home aesthetics blending craft design,,,,,,,,,,,,
Ellementry    ,@ellementryhome,Home Decor  ,curated home aesthetics blending craft design,,,,,,,,,,,,
Address Home   ,@addresshomedecor,Home Decor  ,designer decor pieces for contemporary homes,,,,,,,,,,,,
Nestasia    ,@nestasia.in,Home Decor  ,modern home decor for stylish living,,,,,,,,,,,,
The Purple Turtles  ,@thepurpleturtles,Home Decor  ,curated home aesthetics blending craft design,,,,,,,,,,,,
The June Shop  ,@thejuneshopindia,Home Decor  ,premium decor elevating everyday interiors,,,,,,,,,,,,
Whispering Homes   ,@whisperinghomes,Home Decor  ,designer decor pieces for contemporary homes,,,,,,,,,,,,
Freedom Tree   ,@freedomtreehome,Home Decor  ,designer decor pieces for contemporary homes,,,,,,,,,,,,
Orange Tree   ,@orangetreehomes,Home Decor  ,art inspired decor for modern spaces,,,,,,,,,,,,
Sarita Handa   ,@saritahanda,Home Decor  ,modern home decor for stylish living,,,,,,,,,,,,
Good Earth   ,@goodearth.us,Home Decor  ,art inspired decor for modern spaces,,,,,,,,,,,,
Jaipur Rugs   ,@jaipurrugs,Home Decor  ,designer decor pieces for contemporary homes,,,,,,,,,,,,
IKEA India   ,@ikea.india,Furniture   ,durable furniture solutions for modern homes,,,,,,,,,,,,
Godrej Interio   ,@godrejinterio,Furniture   ,modern furniture designed for functional living,,,,,,,,,,,,
Durian Furniture   ,@durianforhome,Furniture   ,premium home furniture for contemporary spaces,,,,,,,,,,,,
Nilkamal    ,@nilkamal_ltd,Furniture   ,premium home furniture for contemporary spaces,,,,,,,,,,,,
HomeTown    ,@hometownofficial,Furniture   ,durable furniture solutions for modern homes,,,,,,,,,,,,
Saraf Furniture   ,@saraf_furniture,Furniture   ,modern furniture designed for functional living,,,,,,,,,,,,
Furny    ,@furnyhome,Furniture   ,modern furniture designed for functional living,,,,,,,,,,,,
Alankaram    ,@alankaram.in,Furniture   ,durable furniture solutions for modern homes,,,,,,,,,,,,
Gulmohar Lane   ,@gulmoharlane,Furniture   ,modern furniture designed for functional living,,,,,,,,,,,,
SleepyCat    ,@sleepycat.in,Mattress   ,premium mattresses engineered for deep rest,,,,,,,,,,,,
Sleepwell    ,@officialsleepwell,Mattress   ,sleep technology improving comfort and support,,,,,,,,,,,,
Sunday Mattress   ,@mysundayrest,Mattress   ,advanced sleep systems for modern lifestyles,,,,,,,,,,,,
Emma Sleep   ,@emmasleep.us,Mattress   ,sleep technology improving comfort and support,,,,,,,,,,,,
Kurlon    ,@kurlon_limited,Mattress   ,premium mattresses engineered for deep rest,,,,,,,,,,,,
Peps Mattress   ,@peps_industries,Mattress   ,ergonomic mattresses designed for better sleep,,,,,,,,,,,,
Nilkamal Sleep   ,@nilkamalsleep,Mattress   ,ergonomic mattresses designed for better sleep,,,,,,,,,,,,
Springfit    ,@springfitsleep,Mattress   ,sleep technology improving comfort and support,,,,,,,,,,,,
Repose Mattress   ,@reposeworld,Mattress   ,premium mattresses engineered for deep rest,,,,,,,,,,,,
Restolex    ,@restolexofficial,Mattress   ,advanced sleep systems for modern lifestyles,,,,,,,,,,,,
Sleep Spa   ,@thesleepspa,Mattress   ,sleep technology improving comfort and support,,,,,,,,,,,,
Coirfit Mattress   ,@coirfitmattress,Mattress   ,advanced sleep systems for modern lifestyles,,,,,,,,,,,,
Dreamzee Mattress   ,@dreamzeemattress,Mattress   ,sleep technology improving comfort and support,,,,,,,,,,,,
Wonderchef    ,@wondercheflife,Kitchen & Cookware ,premium cookware for home chefs,,,,,,,,,,,,
The Indus Valley  ,@theindusvalley,Kitchen & Cookware ,reliable cookware crafted for modern kitchens,,,,,,,,,,,,
Rock Tawa   ,@rocktawa,Kitchen & Cookware ,innovative kitchen solutions for daily meals,,,,,,,,,,,,
GreenPan    ,@theoriginalgreenpan,Kitchen & Cookware ,modern kitchen tools for efficient cooking,,,,,,,,,,,,
Prestige Kitchen   ,@prestigekitchen.store,Kitchen & Cookware ,innovative kitchen solutions for daily meals,,,,,,,,,,,,
Bergner India   ,@bergnerindia,Kitchen & Cookware ,premium cookware for home chefs,,,,,,,,,,,,
Milton India   ,@miltonindia,Kitchen & Cookware ,premium cookware for home chefs,,,,,,,,,,,,
Elgi Ultra   ,@elgiultra,Kitchen & Cookware ,reliable cookware crafted for modern kitchens,,,,,,,,,,,,
NutriChef India   ,@nutrichefindia,Kitchen & Cookware ,durable cookware designed for everyday cooking,,,,,,,,,,,,
Solimo    ,@solimoproducts,Kitchen & Cookware ,reliable cookware crafted for modern kitchens,,,,,,,,,,,,
Pondicherry Pottery   ,@pondicherrypottery,Kitchen & Cookware ,premium cookware for home chefs,,,,,,,,,,,,
Wiggles    ,@thewiggles,Pet Care  ,holistic care solutions for beloved pets,,,,,,,,,,,,
Dogsee    ,@dogseechew_usa,Pet Care  ,modern pet care for happier animals,,,,,,,,,,,,
Charlies Choice   ,@charlies.choice,Pet Care  ,trusted pet products for healthy companions,,,,,,,,,,,,
Petsy    ,@petsy.online,Pet Care  ,holistic care solutions for beloved pets,,,,,,,,,,,,
Fur Ball Story  ,@furballstory,Pet Care  ,trusted pet products for healthy companions,,,,,,,,,,,,
Zigly    ,@ziglypetcare,Pet Care  ,trusted pet products for healthy companions,,,,,,,,,,,,
Kennel Kitchen   ,@kennelkitchen,Pet Care  ,modern pet care for happier animals,,,,,,,,,,,,
Mr Paws   ,@mrpawsph,Pet Care  ,quality food and wellness for pets,,,,,,,,,,,,
Himalaya Pet   ,@himalayapetwellness,Pet Care  ,quality food and wellness for pets,,,,,,,,,,,,
Canine India   ,@canine_india,Pet Care  ,premium nutrition and care for pets,,,,,,,,,,,,
Farmina    ,@farminanorthamerica,Pet Care  ,modern pet care for happier animals,,,,,,,,,,,,
Fidele+    ,@fidele.plus,Pet Care  ,modern pet care for happier animals,,,,,,,,,,,,
Pet Fed   ,@petfedindia,Pet Care  ,quality food and wellness for pets,,,,,,,,,,,,
Royal Canin India  ,@royalcanin.india,Pet Care  ,holistic care solutions for beloved pets,,,,,,,,,,,,
Pedigree India   ,@pedigree_india,Pet Care  ,holistic care solutions for beloved pets,,,,,,,,,,,,
Phool    ,@phool.co,Sustainable   ,modern brand shaping sustainable experiences,,,,,,,,,,,,
Bare Necessities   ,@barenecessities,Sustainable   ,modern brand shaping sustainable experiences,,,,,,,,,,,,
Clean Hippie   ,@cleanhippiecbd,Sustainable   ,modern brand shaping sustainable experiences,,,,,,,,,,,,
Saathi Pads   ,@saathipads,Sustainable   ,modern brand shaping sustainable experiences,,,,,,,,,,,,
No Nasties   ,@nonasties.official,Sustainable   ,modern brand shaping sustainable experiences,,,,,,,,,,,,
Loop Activewear   ,@loopactivewear,Sustainable   ,modern brand shaping sustainable experiences,,,,,,,,,,,,
Boheco    ,@bohecoindia,Sustainable   ,modern brand shaping sustainable experiences,,,,,,,,,,,,
Uppercase    ,@uppercasehq,Sustainable   ,modern brand shaping sustainable experiences,,,,,,,,,,,,
Conscious Food   ,@consciousfoodindia,Sustainable   ,modern brand shaping sustainable experiences,,,,,,,,,,,,
Tailor & Circus  ,@_andcircus,Sustainable   ,modern brand shaping sustainable experiences,,,,,,,,,,,,
Scooboo    ,@scooboo.in,Stationery   ,modern brand shaping stationery experiences,,,,,,,,,,,,
Nappa Dori   ,@nappadori,Stationery   ,modern brand shaping stationery experiences,,,,,,,,,,,,
The Papier Project  ,@tppweddings,Stationery   ,modern brand shaping stationery experiences,,,,,,,,,,,,
Alicia Souza   ,@aliciasouza,Stationery   ,modern brand shaping stationery experiences,,,,,,,,,,,,
Dot & Dash  ,@usdot,Stationery   ,modern brand shaping stationery experiences,,,,,,,,,,,,
Staedtler    ,@staedtler,Stationery   ,modern brand shaping stationery experiences,,,,,,,,,,,,
Flap Jack   ,@flapjack_store,Stationery   ,modern brand shaping stationery experiences,,,,,,,,,,,,
Leaf Studio   ,@leafstudio.official,Stationery   ,modern brand shaping stationery experiences,,,,,,,,,,,,
Quill & Crow  ,@kidquill,Stationery   ,modern brand shaping stationery experiences,,,,,,,,,,,,
Peg & Awl  ,@peg__munson,Stationery   ,modern brand shaping stationery experiences,,,,,,,,,,,,
Happyness Project   ,@happynesproject_,Stationery   ,modern brand shaping stationery experiences,,,,,,,,,,,,
Artsy Crafts   ,@artsycraftzz,Stationery   ,modern brand shaping stationery experiences,,,,,,,,,,,,
Classmate    ,@classmatebyitc,Stationery   ,modern brand shaping stationery experiences,,,,,,,,,,,,
Paperkraft    ,@paperkraft_itc,Stationery   ,modern brand shaping stationery experiences,,,,,,,,,,,,
Anu Art Supply  ,@anuartandcraftstore,Stationery   ,modern brand shaping stationery experiences,,,,,,,,,,,,
Ink Bucket   ,@theinkbucket,Stationery   ,modern brand shaping stationery experiences,,,,,,,,,,,,
The Ink Bucket  ,@theinkbucket,Stationery   ,modern brand shaping stationery experiences,,,,,,,,,,,,
Vivid Scribbles   ,@vividscribbles,Stationery   ,modern brand shaping stationery experiences,,,,,,,,,,,,
PropShop24    ,@propshop24,Stationery   ,modern brand shaping stationery experiences,,,,,,,,,,,,
Inkarto    ,@inkarto_india,Stationery   ,modern brand shaping stationery experiences,,,,,,,,,,,,
Art Lounge   ,@theartlounge_li,Stationery   ,modern brand shaping stationery experiences,,,,,,,,,,,,
Piku Art   ,@piku.art,Stationery   ,modern brand shaping stationery experiences,,,,,,,,,,,,
The Paper Collective  ,@thepapercollective,Stationery   ,modern brand shaping stationery experiences,,,,,,,,,,,,
The Quirky Naari  ,@thequirkynaari,Stationery   ,modern brand shaping stationery experiences,,,,,,,,,,,,
Brown Paper Lemon  ,@queenslandcreatives,Stationery   ,modern brand shaping stationery experiences,,,,,,,,,,,,
Ink & Paper  ,@spillmyink,Stationery   ,modern brand shaping stationery experiences,,,,,,,,,,,,
Write India   ,@writeindia,Stationery   ,modern brand shaping stationery experiences,,,,,,,,,,,,
Doodle Collection   ,@doodlecollection_official,Stationery   ,modern brand shaping stationery experiences,,,,,,,,,,,,
IGP    ,@igpcom,Gifting   ,modern brand shaping gifting experiences,,,,,,,,,,,,
Ferns N Petals  ,@fnp_deluxe,Gifting   ,modern brand shaping gifting experiences,,,,,,,,,,,,
FlowerAura    ,@flowerauraofficial,Gifting   ,modern brand shaping gifting experiences,,,,,,,,,,,,
The Good Road  ,@thegoodroad,Gifting   ,modern brand shaping gifting experiences,,,,,,,,,,,,
Giftcart    ,@giftcart,Gifting   ,modern brand shaping gifting experiences,,,,,,,,,,,,
Giftpiper    ,@giftpiperdotcom,Gifting   ,modern brand shaping gifting experiences,,,,,,,,,,,,
Story of Love  ,@storyoflove_diamonds,Gifting   ,modern brand shaping gifting experiences,,,,,,,,,,,,
The June Shop Gifts ,@thejuneshopindia,Gifting   ,modern brand shaping gifting experiences,,,,,,,,,,,,
Confetti Gifts   ,@confettigifts.in,Gifting   ,modern brand shaping gifting experiences,,,,,,,,,,,,
The Gift Studio  ,@thegiftstudioofficial,Gifting   ,modern brand shaping gifting experiences,,,,,,,,,,,,
BoxUp Luxury Gifting  ,@boxup_luxury_gifting,Gifting   ,modern brand shaping gifting experiences,,,,,,,,,,,,
Zwende    ,@zwendedesign,Gifting   ,modern brand shaping gifting experiences,,,,,,,,,,,,
The Souled Store Gifts ,@thesouledstore,Gifting   ,modern brand shaping gifting experiences,,,,,,,,,,,,
The Messy Corner  ,@themessycornerr,Gifting   ,modern brand shaping gifting experiences,,,,,,,,,,,,
WrapCart    ,@wrap_cart,Gifting   ,modern brand shaping gifting experiences,,,,,,,,,,,,
Hopscotch    ,@hopscotch.in,Kidswear   ,modern brand shaping kidswear experiences,,,,,,,,,,,,
Nino Bambino   ,@ninobambino.in,Kidswear   ,modern brand shaping kidswear experiences,,,,,,,,,,,,
Little Muffet   ,@little_muffet,Kidswear   ,modern brand shaping kidswear experiences,,,,,,,,,,,,
Miarcus    ,@official_miarcus,Kidswear   ,modern brand shaping kidswear experiences,,,,,,,,,,,,
Zoe & Lila  ,@zoe,Kidswear   ,modern brand shaping kidswear experiences,,,,,,,,,,,,
Tiny Lane   ,@thetinylane,Kidswear   ,modern brand shaping kidswear experiences,,,,,,,,,,,,
Kidsberry    ,@kidsberry.in,Kidswear   ,modern brand shaping kidswear experiences,,,,,,,,,,,,
SuperKids    ,@superkidsresale,Kidswear   ,modern brand shaping kidswear experiences,,,,,,,,,,,,
Lilliput    ,@lilliputrecords,Kidswear   ,modern brand shaping kidswear experiences,,,,,,,,,,,,
Baby Go   ,@_baby__go,Kidswear   ,modern brand shaping kidswear experiences,,,,,,,,,,,,
612 Ivy   ,@612.ivy,Kidswear   ,modern brand shaping kidswear experiences,,,,,,,,,,,,
H&M Kids   ,@heirdash,Kidswear   ,modern brand shaping kidswear experiences,,,,,,,,,,,,
Mom & Me  ,@mom_cbs,Kidswear   ,modern brand shaping kidswear experiences,,,,,,,,,,,,
Flintobox Kids   ,@flintobox,Kidswear   ,modern brand shaping kidswear experiences,,,,,,,,,,,,
HRX    ,@hrxbrand,Activewear   ,performance activewear designed for movement,,,,,,,,,,,,
Performax    ,@performaxactivewear,Activewear   ,high performance gear for athletes,,,,,,,,,,,,
BlissClub    ,@myblissclub,Activewear   ,fitness apparel blending function and style,,,,,,,,,,,,
Athlos    ,@athlos,Activewear   ,performance activewear designed for movement,,,,,,,,,,,,
Alcis Sports   ,@alcissports_delhi,Activewear   ,fitness apparel blending function and style,,,,,,,,,,,,
TechnoSport    ,@technosportindia,Activewear   ,high performance gear for athletes,,,,,,,,,,,,
Adidas    ,@adidas,Activewear   ,performance activewear designed for movement,,,,,,,,,,,,
Puma    ,@puma,Activewear   ,fitness apparel blending function and style,,,,,,,,,,,,
Under Armour   ,@underarmour,Activewear   ,athletic apparel for training and fitness,,,,,,,,,,,,
Reebok    ,@reebok,Activewear   ,performance activewear designed for movement,,,,,,,,,,,,
Decathlon    ,@decathlonusa,Activewear   ,fitness apparel blending function and style,,,,,,,,,,,,
Skechers    ,@skechers,Activewear   ,comfort focused sportswear for active lifestyles,,,,,,,,,,,,
Gymshark    ,@gymshark,Activewear   ,fitness apparel blending function and style,,,,,,,,,,,,
Nobero    ,@noberodotcom,Activewear   ,fitness apparel blending function and style,,,,,,,,,,,,
Freecultr    ,@freecultr,Activewear   ,fitness apparel blending function and style,,,,,,,,,,,,
DaMensch    ,@damenschofficial,Activewear   ,fitness apparel blending function and style,,,,,,,,,,,,
Skybags    ,@inskybags,Travel & Luggage ,premium travel gear for global journeys,,,,,,,,,,,,
Safari    ,@safaribags,Travel & Luggage ,durable luggage designed for modern travelers,,,,,,,,,,,,
Nasher Miles   ,@nasher_miles,Travel & Luggage ,stylish travel bags built for adventure,,,,,,,,,,,,
Carlton Luggage   ,@carlton_luggage,Travel & Luggage ,reliable luggage engineered for mobility,,,,,,,,,,,,
Wildcraft    ,@wildcraftin,Travel & Luggage ,smart luggage solutions for frequent travel,,,,,,,,,,,,
Aristocrat Bags   ,@aristocratbags,Travel & Luggage ,stylish travel bags built for adventure,,,,,,,,,,,,
Tumi    ,@tumitravel,Travel & Luggage ,reliable luggage engineered for mobility,,,,,,,,,,,,
Samsonite    ,@samsoniteusa,Travel & Luggage ,durable luggage designed for modern travelers,,,,,,,,,,,,
Delsey    ,@delseyofficial,Travel & Luggage ,reliable luggage engineered for mobility,,,,,,,,,,,,
Horizn Studios   ,@horiznstudios,Travel & Luggage ,stylish travel bags built for adventure,,,,,,,,,,,,
Bellroy    ,@bellroy,Travel & Luggage ,premium travel gear for global journeys,,,,,,,,,,,,
Herschel Supply   ,@herschelsupply,Travel & Luggage ,premium travel gear for global journeys,,,,,,,,,,,,
Eastpak    ,@eastpak,Travel & Luggage ,durable luggage designed for modern travelers,,,,,,,,,,,,
Fjallraven    ,@fjallravenofficial,Travel & Luggage ,reliable luggage engineered for mobility,,,,,,,,,,,,
Fire-Boltt    ,@fireboltt_,Lifestyle   ,innovative lifestyle tech for modern users,,,,,,,,,,,,
Ambrane    ,@ambraneindia,Lifestyle   ,innovative lifestyle tech for modern users,,,,,,,,,,,,
Zebronics    ,@zebronics,Lifestyle   ,modern lifestyle gadgets enhancing everyday living,,,,,,,,,,,,
Mivi    ,@mivi,Lifestyle   ,modern lifestyle gadgets enhancing everyday living,,,,,,,,,,,,
Crossbeats    ,@crossbeatsind,Lifestyle   ,innovative lifestyle tech for modern users,,,,,,,,,,,,
Skullcandy India   ,@skullcandy_india,Lifestyle   ,consumer tech designed for daily convenience,,,,,,,,,,,,
JBL India   ,@jblindia,Lifestyle   ,modern lifestyle gadgets enhancing everyday living,,,,,,,,,,,,
Sony India   ,@sonyindiaofficial,Lifestyle   ,smart electronics for connected lifestyles,,,,,,,,,,,,
Logitech    ,@logitech,Lifestyle   ,affordable gadgets built for everyday use,,,,,,,,,,,,
Dyson India   ,@dyson_india,Lifestyle   ,modern lifestyle gadgets enhancing everyday living,,,,,,,,,,,,
Philips India   ,@philipsindia,Lifestyle   ,modern lifestyle gadgets enhancing everyday living,,,,,,,,,,,,
Xiaomi India   ,@xiaomiindia,Lifestyle   ,modern lifestyle gadgets enhancing everyday living,,,,,,,,,,,,
OnePlus India   ,@oneplus_india,Lifestyle   ,consumer tech designed for daily convenience,,,,,,,,,,,,
Nothing India   ,@nothingindia,Lifestyle   ,modern lifestyle gadgets enhancing everyday living,,,,,,,,,,,,
Realme India   ,@realmeindia,Lifestyle   ,affordable gadgets built for everyday use,,,,,,,,,,,,
The Souled Store  ,@thesouledstore,D2C Lifestyle  ,modern brand shaping d2c lifestyle experiences,,,,,,,,,,,,
Urban Monkey   ,@urbanmonkeyindia,D2C Lifestyle  ,modern brand shaping d2c lifestyle experiences,,,,,,,,,,,,
Bombay Trooper   ,@bombaytrooper,D2C Lifestyle  ,modern brand shaping d2c lifestyle experiences,,,,,,,,,,,,
Baggit    ,@baggitworld,D2C Lifestyle  ,modern brand shaping d2c lifestyle experiences,,,,,,,,,,,,
Lavie    ,@laviemusic,D2C Lifestyle  ,modern brand shaping d2c lifestyle experiences,,,,,,,,,,,,
Hidesign    ,@hidesignhq,D2C Lifestyle  ,modern brand shaping d2c lifestyle experiences,,,,,,,,,,,,
Fastrack    ,@fastrackworld,D2C Lifestyle  ,modern brand shaping d2c lifestyle experiences,,,,,,,,,,,,
Kapston    ,@kapstonserviceslimited,D2C Lifestyle  ,modern brand shaping d2c lifestyle experiences,,,,,,,,,,,,
Roby & Rossy  ,@roby,D2C Lifestyle  ,modern brand shaping d2c lifestyle experiences,,,,,,,,,,,,
VIP Luggage   ,@viplugguagecenter,D2C Lifestyle  ,modern brand shaping d2c lifestyle experiences,,,,,,,,,,,,
Safari Luggage   ,@safaribags,D2C Lifestyle  ,modern brand shaping d2c lifestyle experiences,,,,,,,,,,,,
The Ordinary   ,@theordinary,Science Skincare  ,lab formulated skincare for real results,,,,,,,,,,,,
Paula's Choice   ,@paulaschoice,Science Skincare  ,clinical ingredient skincare for sensitive skin,,,,,,,,,,,,
CeraVe    ,@cerave,Science Skincare  ,dermatology backed active ingredient skincare,,,,,,,,,,,,
MCaffeine    ,@mcaffeineofficial,Natural Skincare  ,herbal ingredient beauty with modern formulation,,,,,,,,,,,,
L'Oréal Professionnel   ,@lorealpro,Hair Care  ,science driven solutions for hair fall,,,,,,,,,,,,
Maybelline India   ,@maybelline_ind,Makeup   ,trend driven color cosmetics for everyday glam,,,,,,,,,,,,
MAC Cosmetics   ,@maccosmetics,Makeup   ,trend driven color cosmetics for everyday glam,,,,,,,,,,,,
Colgate India   ,@colgatein,Oral Care  ,modern brand shaping oral care experiences,,,,,,,,,,,,
Sensodyne India   ,@sensodyne_in,Oral Care  ,modern brand shaping oral care experiences,,,,,,,,,,,,
Whisper    ,@whisper.ai,Feminine Hygiene  ,modern brand shaping feminine hygiene experiences,,,,,,,,,,,,
Sebamed    ,@sebamedusa,Baby Care  ,modern brand shaping baby care experiences,,,,,,,,,,,,
HealthifyMe    ,@healthifyme,Supplements   ,daily nutrition supplements for holistic wellness,,,,,,,,,,,,
Fast&Up Reload   ,@fastcompany,Supplements   ,daily nutrition supplements for holistic wellness,,,,,,,,,,,,
Baidyanath    ,@baidyanathgroup,Ayurveda   ,modern brand shaping ayurveda experiences,,,,,,,,,,,,
RiteBite Max Protein  ,@ritebite_maxprotein,Functional Foods  ,clean label snacks with functional benefits,,,,,,,,,,,,
Optimum Nutrition   ,@optimumnutrition,Protein Nutrition  ,modern brand shaping protein nutrition experiences,,,,,,,,,,,,
Starbucks India   ,@starbucksindia,Coffee   ,modern brand shaping coffee experiences,,,,,,,,,,,,
Tata Tea   ,@tatateapremiumofficial,Tea   ,modern brand shaping tea experiences,,,,,,,,,,,,
Beyond Meat   ,@beyondmeat,Plant-Based   ,modern brand shaping plant-based experiences,,,,,,,,,,,,
Red Bull India  ,@redbullindia,Beverages   ,modern brand shaping beverages experiences,,,,,,,,,,,,
H&M Men   ,@nashirah,Men's Fashion  ,contemporary apparel for confident modern men,,,,,,,,,,,,
Nike    ,@nike,Footwear   ,affordable fashion footwear for daily use,,,,,,,,,,,,
RayBan    ,@rayban,Eyewear   ,modern brand shaping eyewear experiences,,,,,,,,,,,,
Sleepyhead    ,@sleepyheadhq,Mattress   ,ergonomic mattresses designed for better sleep,,,,,,,,,,,,
Pedigree    ,@pedigreeus,Pet Care  ,trusted pet products for healthy companions,,,,,,,,,,,,
Faber-Castell    ,@fabercastellglobal,Stationery   ,modern brand shaping stationery experiences,,,,,,,,,,,,
Carter's India   ,@carters_india,Kidswear   ,modern brand shaping kidswear experiences,,,,,,,,,,,,
Samsonite India   ,@samsoniteindia,Travel   ,modern brand shaping travel experiences,,,,,,,,,,,,
Samsung India   ,@samsungindia,Lifestyle   ,modern lifestyle gadgets enhancing everyday living,,,,,,,,,,,,
DailyObjects    ,@dailyobjects_official,D2C Lifestyle  ,modern brand shaping d2c lifestyle experiences,,,,,,,,,,,,
Some By Mi  ,@somebymi,Science Skincare  ,science driven acne and barrier repair,,,,,,,,,,,,
Beauty of Joseon  ,@beautyofjoseon_official,Science Skincare  ,clinical ingredient skincare for sensitive skin,,,,,,,,,,,,
Skin1004    ,@skin1004official,Science Skincare  ,clinical ingredient skincare for sensitive skin,,,,,,,,,,,,
Benton    ,@bentoncosmetic,Science Skincare  ,science driven acne and barrier repair,,,,,,,,,,,,
Klairs    ,@klairs.global,Science Skincare  ,lab formulated skincare for real results,,,,,,,,,,,,
Bioderma India   ,@biodermaindia,Science Skincare  ,clinical ingredient skincare for sensitive skin,,,,,,,,,,,,
La Roche-Posay India  ,@larocheposay,Science Skincare  ,lab formulated skincare for real results,,,,,,,,,,,,
Axis-Y    ,@axisy_official,Science Skincare  ,clinical skincare powered by proven actives,,,,,,,,,,,,
Torriden    ,@torriden,Science Skincare  ,science driven acne and barrier repair,,,,,,,,,,,,
Bella Vita Organic  ,@bellavita_organic,Natural Skincare  ,clean botanical skincare rooted in nature,,,,,,,,,,,,
The Body Shop India ,@thebodyshopindia,Natural Skincare  ,clean botanical skincare rooted in nature,,,,,,,,,,,,
Tvam    ,@_tvam,Natural Skincare  ,plant powered skincare for everyday glow,,,,,,,,,,,,
Nat Habit   ,@nathabit.in,Natural Skincare  ,natural toxin free skincare essentials,,,,,,,,,,,,
Vaadi Herbals   ,@vaadiherbal,Natural Skincare  ,ayurvedic inspired clean beauty rituals,,,,,,,,,,,,
Himalaya Face Care  ,@himalaya_facecare,Natural Skincare  ,ayurvedic inspired clean beauty rituals,,,,,,,,,,,,
O3+    ,@o3world,Natural Skincare  ,ayurvedic inspired clean beauty rituals,,,,,,,,,,,,
Vedix    ,@vedix_usa,Hair Care  ,salon inspired haircare for stronger hair,,,,,,,,,,,,
Curlvana    ,@curlvanalife,Hair Care  ,science driven solutions for hair fall,,,,,,,,,,,,
Streax    ,@streaxprofessional,Hair Care  ,salon inspired haircare for stronger hair,,,,,,,,,,,,
Parachute Advansed   ,@parachute_advansed,Hair Care  ,curl care and scalp focused treatments,,,,,,,,,,,,
Head & Shoulders India ,@head_tennis,Hair Care  ,targeted hair repair and scalp health,,,,,,,,,,,,
Pantene India   ,@pantene_india,Hair Care  ,salon inspired haircare for stronger hair,,,,,,,,,,,,
Clinic Plus   ,@clinicplusindia,Hair Care  ,salon inspired haircare for stronger hair,,,,,,,,,,,,
MARS Cosmetics   ,@reachedmars,Makeup   ,high performance makeup for long wear,,,,,,,,,,,,
Blue Heaven   ,@keywestblueheaven,Makeup   ,high performance makeup for long wear,,,,,,,,,,,,
Bobbi Brown India  ,@bobbibrownindia,Makeup   ,high performance makeup for long wear,,,,,,,,,,,,
Wet n Wild India ,@wetnwildindia,Makeup   ,high performance makeup for long wear,,,,,,,,,,,,
Dabur Red   ,@daburredofficial,Oral Care  ,modern brand shaping oral care experiences,,,,,,,,,,,,
Oral-B India   ,@oralbindia,Oral Care  ,modern brand shaping oral care experiences,,,,,,,,,,,,
Meswak (Dabur)   ,@dabur.meswak,Oral Care  ,modern brand shaping oral care experiences,,,,,,,,,,,,
Mirai Me   ,@mirai.me,Feminine Hygiene  ,modern brand shaping feminine hygiene experiences,,,,,,,,,,,,
Impower    ,@impowerus,Feminine Hygiene  ,modern brand shaping feminine hygiene experiences,,,,,,,,,,,,
Namyaa    ,@namyaaofficial,Feminine Hygiene  ,modern brand shaping feminine hygiene experiences,,,,,,,,,,,,
That Sassy Thing  ,@thatsassythingdotcom,Feminine Hygiene  ,modern brand shaping feminine hygiene experiences,,,,,,,,,,,,
Sanfe    ,@sanfeindia,Feminine Hygiene  ,modern brand shaping feminine hygiene experiences,,,,,,,,,,,,
iMoise    ,@imoise,Sexual Wellness  ,modern brand shaping sexual wellness experiences,,,,,,,,,,,,
Shycart    ,@shycart,Sexual Wellness  ,modern brand shaping sexual wellness experiences,,,,,,,,,,,,
ThatsPersonal    ,@thatspersonalofficial,Sexual Wellness  ,modern brand shaping sexual wellness experiences,,,,,,,,,,,,
Pampers India   ,@pampersindia,Baby Care  ,modern brand shaping baby care experiences,,,,,,,,,,,,
Huggies India   ,@huggiesin,Baby Care  ,modern brand shaping baby care experiences,,,,,,,,,,,,
Pigeon India   ,@pigeon_india,Baby Care  ,modern brand shaping baby care experiences,,,,,,,,,,,,
Graco India   ,@gracopaintsprayers_india,Baby Care  ,modern brand shaping baby care experiences,,,,,,,,,,,,
Amway Nutrilite   ,@nutrilite,Supplements   ,clean supplements supporting everyday health,,,,,,,,,,,,
Herbalife India   ,@herbalifeindiaofficial,Supplements   ,daily nutrition supplements for holistic wellness,,,,,,,,,,,,
Ensure India   ,@ensureindia,Supplements   ,clean supplements supporting everyday health,,,,,,,,,,,,
Centrum India   ,@centrum_india,Supplements   ,daily nutrition supplements for holistic wellness,,,,,,,,,,,,
Protinex    ,@protinexin,Supplements   ,science backed vitamins for modern lifestyles,,,,,,,,,,,,
TrueBasics    ,@truebasics_in,Supplements   ,functional nutrition designed for active living,,,,,,,,,,,,
Kairali Ayurveda   ,@kairali_ayurveda_raipur,Ayurveda   ,modern brand shaping ayurveda experiences,,,,,,,,,,,,
Arya Vaidya Sala  ,@kottakkal_ayurveda_official,Ayurveda   ,modern brand shaping ayurveda experiences,,,,,,,,,,,,
Vaidyaratnam    ,@vaidyaratnamofficial,Ayurveda   ,modern brand shaping ayurveda experiences,,,,,,,,,,,,
Dhootapapeshwar    ,@sdlindia,Ayurveda   ,modern brand shaping ayurveda experiences,,,,,,,,,,,,
Go Desi   ,@godesi_foods,Functional Foods  ,nutrition focused foods for active lifestyles,,,,,,,,,,,,
Snackible    ,@snackible,Functional Foods  ,everyday healthy foods with real ingredients,,,,,,,,,,,,
iD Fresh Food  ,@idfreshfood,Functional Foods  ,healthy snacks crafted for mindful eating,,,,,,,,,,,,
Millet Magic   ,@milletmaagic,Functional Foods  ,healthy snacks crafted for mindful eating,,,,,,,,,,,,
Myprotein India   ,@myproteinin,Protein Nutrition  ,modern brand shaping protein nutrition experiences,,,,,,,,,,,,
Dymatize India   ,@dymatizeindia,Protein Nutrition  ,modern brand shaping protein nutrition experiences,,,,,,,,,,,,
Isopure India   ,@isopure_india,Protein Nutrition  ,modern brand shaping protein nutrition experiences,,,,,,,,,,,,
MuscleTech India   ,@muscletech_in,Protein Nutrition  ,modern brand shaping protein nutrition experiences,,,,,,,,,,,,
Ainmane Coffee   ,@ainmane,Specialty Coffee  ,specialty brews celebrating origin and roasting,,,,,,,,,,,,
Kapi Kottai   ,@kapikottai,Specialty Coffee  ,indie coffee culture built on craft roasting,,,,,,,,,,,,
Nescafe India   ,@nescafeindia,Specialty Coffee  ,craft coffee roasted for rich flavor,,,,,,,,,,,,
Wagh Bakri   ,@waghbakritea.official,Specialty Tea  ,luxury tea blends for modern drinkers,,,,,,,,,,,,
Society Tea   ,@societytea,Specialty Tea  ,single estate teas with authentic flavor,,,,,,,,,,,,
Brooke Bond   ,@brooke_bond_go_vegan,Specialty Tea  ,heritage teas sourced from select gardens,,,,,,,,,,,,
Tetley India   ,@tetleyindia,Specialty Tea  ,single estate teas with authentic flavor,,,,,,,,,,,,
Heritage Foods   ,@heritagefoodusa,Dairy & Farm ,modern brand shaping dairy & farm experiences,,,,,,,,,,,,
Chitale Dairy   ,@chitaledairy,Dairy & Farm ,modern brand shaping dairy & farm experiences,,,,,,,,,,,,
Parag Milk Foods  ,@paragmilkfoods,Dairy & Farm ,modern brand shaping dairy & farm experiences,,,,,,,,,,,,
Wakao Foods   ,@wakaofoods,Plant-Based   ,modern brand shaping plant-based experiences,,,,,,,,,,,,
Vezlay Foods   ,@vezlayfoods,Plant-Based   ,modern brand shaping plant-based experiences,,,,,,,,,,,,
Goodmylk    ,@goodmylkco,Plant-Based   ,modern brand shaping plant-based experiences,,,,,,,,,,,,
Paul John Whisky  ,@pauljohnwhisky,Beverages   ,modern brand shaping beverages experiences,,,,,,,,,,,,
Sting India   ,@sting_india,Beverages   ,modern brand shaping beverages experiences,,,,,,,,,,,,
Monster India   ,@monsterindia007,Beverages   ,modern brand shaping beverages experiences,,,,,,,,,,,,
Peter England   ,@peterengland,Men's Fashion  ,modern menswear built for everyday style,,,,,,,,,,,,
Van Heusen India  ,@vanheusenind,Men's Fashion  ,modern menswear built for everyday style,,,,,,,,,,,,
Arrow India   ,@packersarrowindia,Men's Fashion  ,smart casual fashion for urban men,,,,,,,,,,,,
Louis Philippe India  ,@louisphilippeindia,Men's Fashion  ,contemporary apparel for confident modern men,,,,,,,,,,,,
Park Avenue   ,@parkavenuestyleup,Men's Fashion  ,contemporary apparel for confident modern men,,,,,,,,,,,,
Manyavar    ,@manyavar,Men's Fashion  ,contemporary apparel for confident modern men,,,,,,,,,,,,
Dennis Lingo   ,@dennislingo.official,Men's Fashion  ,youth driven fashion with bold identity,,,,,,,,,,,,
Vero Moda India  ,@veromodaindia,Women's Fashion  ,fashion forward clothing for confident women,,,,,,,,,,,,
Only India   ,@onlyindia,Women's Fashion  ,contemporary womenswear blending style and comfort,,,,,,,,,,,,
Mango India   ,@mangostores_india,Women's Fashion  ,contemporary womenswear blending style and comfort,,,,,,,,,,,,
Forever 21 India  ,@forever21_in,Women's Fashion  ,fashion forward clothing for confident women,,,,,,,,,,,,
Pantaloons    ,@pantaloonsfashion,Women's Fashion  ,contemporary womenswear blending style and comfort,,,,,,,,,,,,
Kazo    ,@kazowoman,Women's Fashion  ,modern ethnic and fusion fashion apparel,,,,,,,,,,,,
FabAlley    ,@FabAlley,Women's Fashion  ,contemporary womenswear blending style and comfort,,,,,,,,,,,,
Mochi Shoes   ,@mochishoesin,Footwear   ,modern shoes designed for active lifestyles,,,,,,,,,,,,
Metro Shoes   ,@metroshoesindia,Footwear   ,durable footwear crafted for all day comfort,,,,,,,,,,,,
Hush Puppies India  ,@hushpuppies_in,Footwear   ,affordable fashion footwear for daily use,,,,,,,,,,,,
Clarks India   ,@clarks_india,Footwear   ,comfortable stylish footwear for everyday wear,,,,,,,,,,,,
Carlton London   ,@carltonlondonindia,Footwear   ,durable footwear crafted for all day comfort,,,,,,,,,,,,
Inc.5 Shoes   ,@inc.5shoes,Footwear   ,affordable fashion footwear for daily use,,,,,,,,,,,,
Catwalk India   ,@catwalk.india,Footwear   ,durable footwear crafted for all day comfort,,,,,,,,,,,,
Flatheads    ,@flatheadsofficial,Footwear   ,performance footwear blending comfort and style,,,,,,,,,,,,
Charles & Keith India ,@charles.cfrtc,Bags & Accessories ,modern brand shaping bags & accessories experiences,,,,,,,,,,,,
Accessorize India   ,@accessorizeindiaofficial,Bags & Accessories ,modern brand shaping bags & accessories experiences,,,,,,,,,,,,
Fossil India   ,@fossil.in,Bags & Accessories ,modern brand shaping bags & accessories experiences,,,,,,,,,,,,
Lino Perros   ,@linoperros,Bags & Accessories ,modern brand shaping bags & accessories experiences,,,,,,,,,,,,
Tanishq    ,@tanishqjewellery,Jewelry   ,modern brand shaping jewelry experiences,,,,,,,,,,,,
Malabar Gold & Diamonds ,Malabar,Jewelry   ,modern brand shaping jewelry experiences,,,,,,,,,,,,
Kalyan Jewellers   ,@kalyanjewellers_official,Jewelry   ,modern brand shaping jewelry experiences,,,,,,,,,,,,
PC Jeweller   ,@pc_jeweller,Jewelry   ,modern brand shaping jewelry experiences,,,,,,,,,,,,
Senco Gold   ,@sencogoldanddiamonds,Jewelry   ,modern brand shaping jewelry experiences,,,,,,,,,,,,
Hooper Eyewear   ,@hoopereyewear,Eyewear   ,modern brand shaping eyewear experiences,,,,,,,,,,,,
H&M Home India  ,@nashirah,Home Decor  ,premium decor elevating everyday interiors,,,,,,,,,,,,
Livspace    ,@livspace,Home Decor  ,designer decor pieces for contemporary homes,,,,,,,,,,,,
HomeLane    ,@homelane_india,Home Decor  ,designer decor pieces for contemporary homes,,,,,,,,,,,,
Wander & Dwell  ,@wander,Home Decor  ,curated home aesthetics blending craft design,,,,,,,,,,,,
FabIndia Home   ,@fabindiahome,Home Decor  ,designer decor pieces for contemporary homes,,,,,,,,,,,,
The Decor Company  ,@the.decor.company,Home Decor  ,curated home aesthetics blending craft design,,,,,,,,,,,,
Stanley Lifestyles   ,@lovestanleyofficial,Furniture   ,premium home furniture for contemporary spaces,,,,,,,,,,,,
,,Furniture   ,premium home furniture for contemporary spaces,,,,,,,,,,,,
Stylespa Furniture   ,@stylespa_furniture,Furniture   ,durable furniture solutions for modern homes,,,,,,,,,,,,
Springtek    ,@springtekmattress,Mattress   ,ergonomic mattresses designed for better sleep,,,,,,,,,,,,
Wink & Nod  ,@winksounds,Mattress   ,advanced sleep systems for modern lifestyles,,,,,,,,,,,,
Livpure Sleep   ,@livpuresmartsleep,Mattress   ,premium mattresses engineered for deep rest,,,,,,,,,,,,
Vinod Cookware   ,@vinod_cookware,Kitchen & Cookware ,modern kitchen tools for efficient cooking,,,,,,,,,,,,
Morphy Richards India  ,@morphyrichardsindia,Kitchen & Cookware ,durable cookware designed for everyday cooking,,,,,,,,,,,,
Inalsa India   ,@electroit_mart,Kitchen & Cookware ,modern kitchen tools for efficient cooking,,,,,,,,,,,,
Bajaj Electricals   ,@bajajelectricals_ltd,Kitchen & Cookware ,modern kitchen tools for efficient cooking,,,,,,,,,,,,
Whiskas India   ,@whiskasindia,Pet Care  ,premium nutrition and care for pets,,,,,,,,,,,,
Me-O India   ,@meo.india1,Pet Care  ,trusted pet products for healthy companions,,,,,,,,,,,,
Almitra Sustainables   ,@almitrasustainables,Sustainable   ,modern brand shaping sustainable experiences,,,,,,,,,,,,
Doodlage    ,@doodlageofficial,Sustainable   ,modern brand shaping sustainable experiences,,,,,,,,,,,,
Asics India   ,@asicsindia,Activewear   ,performance activewear designed for movement,,,,,,,,,,,,
2XU India   ,@2xuindia,Activewear   ,fitness apparel blending function and style,,,,,,,,,,,,
Li-Ning India   ,@liningindia,Activewear   ,performance activewear designed for movement,,,,,,,,,,,,
Speedo India   ,@speedoindia,Activewear   ,comfort focused sportswear for active lifestyles,,,,,,,,,,,,
Briggs & Riley India ,@bishopbriggs,Travel & Luggage ,stylish travel bags built for adventure,,,,,,,,,,,,
Archies India   ,@archiesonline,Gifting   ,modern brand shaping gifting experiences,,,,,,,,,,,,
Hallmark India   ,@hallmarkindia,Gifting   ,modern brand shaping gifting experiences,,,,,,,,,,,,
The Gourmet Box  ,@the_gourmet_box,Gifting   ,modern brand shaping gifting experiences,,,,,,,,,,,,
Sennheiser India   ,@sennheiser_in,Lifestyle   ,smart electronics for connected lifestyles,,,,,,,,,,,,
The Derma Co,thedermacoindia,Science Skincare,lab formulated skincare for real results,,,,,,,,,,,,
WOW Skin Science,wowskinscienceindia,Natural Skincare,natural toxin free skincare essentials,,,,,,,,,,,,
Earth Rhythm,theearthrhythm,Science Skincare,clinical skincare powered by proven actives,,,,,,,,,,,,
NatHabit,nathabit.in,Natural Skincare,ayurvedic inspired clean beauty rituals,,,,,,,,,,,,
Conscious Chemist,consciouschemistindia,Science Skincare,science driven acne and barrier repair,,,,,,,,,,,,
Mamaearth Hair,,Natural Skincare,clean botanical skincare rooted in nature,,,,,,,,,,,,
WOW Hair,wowskinscienceindia,Natural Skincare,natural toxin free skincare essentials,,,,,,,,,,,,
WishCare,wishcareindia,Personal Care,modern brand shaping personal care experiences,,,,,,,,,,,,
BBlunt,bbluntindia,Haircare,modern brand shaping haircare experiences,,,,,,,,,,,,
Curl Up,,Haircare,modern brand shaping haircare experiences,,,,,,,,,,,,
Pilgrim Hair,discover.pilgrim,Skincare,modern brand shaping skincare experiences,,,,,,,,,,,,
Indulekha,indulekha_care,Haircare,modern brand shaping haircare experiences,,,,,,,,,,,,
Kesh King,keshkingofficial,Haircare,modern brand shaping haircare experiences,,,,,,,,,,,,
L'Oreal Paris India,lorealparis,Beauty & Cosmetics,modern brand shaping beauty & cosmetics experiences,,,,,,,,,,,,
Matrix India,matrix,Haircare,modern brand shaping haircare experiences,,,,,,,,,,,,
Kay Beauty,kaybykatrina,Beauty & Cosmetics,modern brand shaping beauty & cosmetics experiences,,,,,,,,,,,,
Plum Makeup,plumgoodness,Beauty & Cosmetics,modern brand shaping beauty & cosmetics experiences,,,,,,,,,,,,
PAC Cosmetics,paccosmeticsguwahati,Beauty & Cosmetics,modern brand shaping beauty & cosmetics experiences,,,,,,,,,,,,
Beco,,Sustainable Home & Personal Care,modern brand shaping sustainable home & personal care experiences,,,,,,,,,,,,
Himalaya Oral,himalayawellnesscompany,Oral Care,modern brand shaping oral care experiences,,,,,,,,,,,,
Patanjali Oral,patanjaliproducts,Oral Care,modern brand shaping oral care experiences,,,,,,,,,,,,
WhiteGlow,lotusbotanicalsofficial,Skincare,modern brand shaping skincare experiences,,,,,,,,,,,,
Pee Safe Intimate,peesafe,Intimate Care,modern brand shaping intimate care experiences,,,,,,,,,,,,
MyMuse Wellness,,Sexual Wellness,modern brand shaping sexual wellness experiences,,,,,,,,,,,,
Sebamed Baby,sebamedindia,Baby Care,modern brand shaping baby care experiences,,,,,,,,,,,,
Early Foods,,Baby Food,modern brand shaping baby food experiences,,,,,,,,,,,,
Tinyme,,Baby Products,modern brand shaping baby products experiences,,,,,,,,,,,,
Himalaya Baby,himalayawellnesscompany,Baby Care,modern brand shaping baby care experiences,,,,,,,,,,,,
SugarFit,,Health & Fitness,modern brand shaping health & fitness experiences,,,,,,,,,,,,
Patanjali,patanjaliproducts,Ayurveda / FMCG,modern brand shaping ayurveda / fmcg experiences,,,,,,,,,,,,
Early Foods,eatearlyfoods,Health Food,modern brand shaping health food experiences,,,,,,,,,,,,
YogaBar Protein,yogabars.in,Fitness Nutrition,modern brand shaping fitness nutrition experiences,,,,,,,,,,,,
Cultsport Nutrition,,Coffee Brand,modern brand shaping coffee brand experiences,,,,,,,,,,,,
Third Wave Coffee,thirdwavecoffeeindia,Coffee Brand,modern brand shaping coffee brand experiences,,,,,,,,,,,,
Coffeeza,coffeezaindia,Coffee Brand,modern brand shaping coffee brand experiences,,,,,,,,,,,,
Chikmagalur Store,,Tea Brand,modern brand shaping tea brand experiences,,,,,,,,,,,,
Halli Berri Coffee,halliberricoffee,Tea Brand,modern brand shaping tea brand experiences,,,,,,,,,,,,
Aumi Tea,aumitea,Plant Based Food,modern brand shaping plant based food experiences,,,,,,,,,,,,
Tea Culture World,,Wine / Alcohol,modern brand shaping wine / alcohol experiences,,,,,,,,,,,,
Raw Pressery Vegan,rawpressery,Gin / Alcohol,modern brand shaping gin / alcohol experiences,,,,,,,,,,,,
Fratelli Wines,fratelliwines,Kombucha / Beverage,modern brand shaping kombucha / beverage experiences,,,,,,,,,,,,
Jaisalmer Gin,jaisalmercraftgin,Fashion,modern brand shaping fashion experiences,,,,,,,,,,,,
Atmosphere Kombucha,atmospherekombucha,Fashion Accessories,modern brand shaping fashion accessories experiences,,,,,,,,,,,,
Last Inch,lastinch.in,Fashion Accessories,modern brand shaping fashion accessories experiences,,,,,,,,,,,,
House of Indya,houseofindya,Jewellery,modern brand shaping jewellery experiences,,,,,,,,,,,,
Zouk,zouk.co.in,Eyewear,modern brand shaping eyewear experiences,,,,,,,,,,,,
Miraggio,miraggiolife,Eyewear,modern brand shaping eyewear experiences,,,,,,,,,,,,
Rubans,rubansaccessories,Eyewear,modern brand shaping eyewear experiences,,,,,,,,,,,,
John Jacobs,johnjacobs.in,Home Appliances,modern brand shaping home appliances experiences,,,,,,,,,,,,
Owndays,owndays,Home Decor,designer decor pieces for contemporary homes,,,,,,,,,,,,
Chashme Wali,chashme.wali,Home Decor,premium decor elevating everyday interiors,,,,,,,,,,,,
Neff India,neff,Home Decor,premium decor elevating everyday interiors,,,,,,,,,,,,
Pure Home + Living,purehomeandliving,Furniture,crafted furniture blending comfort and design,,,,,,,,,,,,
Mason Home,masonhome,Furniture,stylish furniture built for everyday living,,,,,,,,,,,,
Ikiru,ikiru.in,Furniture,stylish furniture built for everyday living,,,,,,,,,,,,
Wooden Street Furniture,woodenstreet,Furniture,durable furniture solutions for modern homes,,,,,,,,,,,,
Urban Ladder Furniture,urbanladder,Home Decor,curated home aesthetics blending craft design,,,,,,,,,,,,
Pepperfry Furniture,pepperfry,Mattress / Sleep,modern brand shaping mattress / sleep experiences,,,,,,,,,,,,
Orange Tree Furniture,orangetreehome,Furniture,stylish furniture built for everyday living,,,,,,,,,,,,
Wooden Street Decor,woodenstreet,Furniture,modern furniture designed for functional living,,,,,,,,,,,,
The Sleepyhead,sleepyheadhome,Mattress,sleep technology improving comfort and support,,,,,,,,,,,,
Home Centre Furniture,homecentreindia,Mattress,premium mattresses engineered for deep rest,,,,,,,,,,,,
Urban Ladder Living,urbanladder,Mattress,sleep technology improving comfort and support,,,,,,,,,,,,
Flo Mattress,flomattress,Cookware,modern brand shaping cookware experiences,,,,,,,,,,,,
Centuary Mattress,centuarymattresses,Cookware,modern brand shaping cookware experiences,,,,,,,,,,,,
Comforto Mattress,comfortomattress,Kitchen Appliances,modern brand shaping kitchen appliances experiences,,,,,,,,,,,,
Carote India,carote_official,Kitchen Appliances,modern brand shaping kitchen appliances experiences,,,,,,,,,,,,
Meyer India,meyerindia,Cookware,modern brand shaping cookware experiences,,,,,,,,,,,,
Instant Pot,instantpot,Cookware,modern brand shaping cookware experiences,,,,,,,,,,,,
KitchenAid,kitchenaid,Cookware,modern brand shaping cookware experiences,,,,,,,,,,,,
Hawkins Cookers,hawkinscookers,Pet Food,modern brand shaping pet food experiences,,,,,,,,,,,,
Coppre Cookware,coppre.in,Pet Food,modern brand shaping pet food experiences,,,,,,,,,,,,
Anjali Cookware,anjalicookware,Stationery,modern brand shaping stationery experiences,,,,,,,,,,,,
Drools,droolspetfood,Baby & Kids,modern brand shaping baby & kids experiences,,,,,,,,,,,,
Yappy India,yappyofficial,Fitness,modern brand shaping fitness experiences,,,,,,,,,,,,
Beco,beco.world,Activewear,fitness apparel blending function and style,,,,,,,,,,,,
Earth Rhythm,earth.rhythm,Luggage,modern brand shaping luggage experiences,,,,,,,,,,,,
Papier Mache,papier_mache,Luggage,modern brand shaping luggage experiences,,,,,,,,,,,,
Luxor,luxorpensindia,Luggage,modern brand shaping luggage experiences,,,,,,,,,,,,
Tinyme,tinymeindia,Fashion,modern brand shaping fashion experiences,,,,,,,,,,,,
Mothercare Kids,mothercareindia,Fashion,modern brand shaping fashion experiences,,,,,,,,,,,,
Cultsport,cultsport,Bags,modern brand shaping bags experiences,,,,,,,,,,,,
Jockey Active,jockeyindia,Outdoor Gear,modern brand shaping outdoor gear experiences,,,,,,,,,,,,
VIP Industries,vipbagsindia,Tech Accessories,modern brand shaping tech accessories experiences,,,,,,,,,,,,
American Tourister India,americantourister_india,Luggage,modern brand shaping luggage experiences,,,,,,,,,,,,
Uppercase Travel,uppercase.earth,Skincare,modern brand shaping skincare experiences,,,,,,,,,,,,
Bewakoof Lifestyle,bewakoof,Haircare,modern brand shaping haircare experiences,,,,,,,,,,,,
Custo India,custoindia,Beauty & Cosmetics,modern brand shaping beauty & cosmetics experiences,,,,,,,,,,,,
Stranger Bags,strangerbags,Feminine Hygiene,modern brand shaping feminine hygiene experiences,,,,,,,,,,,,
Wildcraft Gear,wildcraftin,Fashion,modern brand shaping fashion experiences,,,,,,,,,,,,
DailyObjects Carry,dailyobjects,Kitchenware,modern brand shaping kitchenware experiences,,,,,,,,,,,,
Mokobara Carry,mokobara,Luggage / Travel Gear,modern brand shaping luggage / travel gear experiences,,,,,,,,,,,,
Mamaearth Ubtan,mamaearth.in,Skincare,modern brand shaping skincare experiences,,,,,,,,,,,,
Mamaearth Onion Hair,mamaearth.in,Haircare,modern brand shaping haircare experiences,,,,,,,,,,,,
Nyx Cosmetics,nyxcosmetics,Beauty & Cosmetics,modern brand shaping beauty & cosmetics experiences,,,,,,,,,,,,
Stayfree,stayfreeindia,Feminine Hygiene,modern brand shaping feminine hygiene experiences,,,,,,,,,,,,
Zara India,zara,Fashion / Apparel,modern brand shaping fashion / apparel experiences,,,,,,,,,,,,
Borosil,borosilandyou,Kitchenware / Home,modern brand shaping kitchenware / home experiences,,,,,,,,,,,,
,,,modern brand shaping nan experiences,,,,,,,,,,,,
Prolixr,prolixr,Skincare,modern brand shaping skincare experiences,,,,,,,,,,,,
Bare Anatomy,bareanatomy.haircare,Hair Care,targeted hair repair and scalp health,,,,,,,,,,,,
Bamboo India,bambooindia,Sustainable Products,modern brand shaping sustainable products experiences,,,,,,,,,,,,
Bold Care,bold.care,Men's Wellness,modern brand shaping men's wellness experiences,,,,,,,,,,,,
Bodywise,be.bodywise,Women's Wellness,modern brand shaping women's wellness experiences,,,,,,,,,,,,
Intimify,intimify,Sexual Wellness,modern brand shaping sexual wellness experiences,,,,,,,,,,,,
Skin Elements,skin.elements,Skincare,modern brand shaping skincare experiences,,,,,,,,,,,,
Mee Mee,meemeein,Baby Care,modern brand shaping baby care experiences,,,,,,,,,,,,
HealthKart,healthkart,Supplements,targeted nutrition for energy immunity performance,,,,,,,,,,,,
Wellbeing Nutrition,wellbeing.nutrition,Supplements,daily nutrition supplements for holistic wellness,,,,,,,,,,,,
Healthvit,healthvit,Supplements,targeted nutrition for energy immunity performance,,,,,,,,,,,,
Jiva Ayurveda,jiva.ayurveda,Ayurveda,modern brand shaping ayurveda experiences,,,,,,,,,,,,
Nagarjuna Ayurveda,nagarjunaayurvedaofficial,Ayurveda,modern brand shaping ayurveda experiences,,,,,,,,,,,,
Shathayu Ayurveda,shathayu.ayurveda,Ayurveda,modern brand shaping ayurveda experiences,,,,,,,,,,,,
True Elements,true.elements,Functional Foods,nutrition focused foods for active lifestyles,,,,,,,,,,,,
Nutty Yogi,nuttyyogi,Functional Foods,smart snacking powered by wholesome nutrition,,,,,,,,,,,,
Eat Anytime,eatanytime,Functional Foods,nutrition focused foods for active lifestyles,,,,,,,,,,,,
Teabox,teabox.tea,Specialty Tea,heritage teas sourced from select gardens,,,,,,,,,,,,
Octavius Tea,octavius.tea,Specialty Tea,heritage teas sourced from select gardens,,,,,,,,,,,,
Gopaldhara Tea,gopaldharateas,Specialty Tea,premium whole leaf teas from estates,,,,,,,,,,,,
Akshayakalpa,akshayakalpa,Dairy & Farm,modern brand shaping dairy & farm experiences,,,,,,,,,,,,
Anveshan,anveshan.farms,Natural Foods,modern brand shaping natural foods experiences,,,,,,,,,,,,
Wingreens,wingreensworld,Functional Foods,clean label snacks with functional benefits,,,,,,,,,,,,
GoodDot,gooddot,Plant-Based,modern brand shaping plant-based experiences,,,,,,,,,,,,
Bonkers Corner,bonkers.corner,Fashion,modern brand shaping fashion experiences,,,,,,,,,,,,
Anouk,anouk,Women's Fashion,trend driven womenswear for everyday style,,,,,,,,,,,,
Plaeto,plaeto.shoes,Footwear,affordable fashion footwear for daily use,,,,,,,,,,,,
Solethreads,solethreads,Footwear,durable footwear crafted for all day comfort,,,,,,,,,,,,
Bata India,bata.india,Footwear,durable footwear crafted for all day comfort,,,,,,,,,,,,
Crocs,crocs,Footwear,comfortable stylish footwear for everyday wear,,,,,,,,,,,,
Fastrack Eyewear,eyewear.fastrack,Eyewear,modern brand shaping eyewear experiences,,,,,,,,,,,,
Wooden Twist,woodentwist,Furniture,durable furniture solutions for modern homes,,,,,,,,,,,,
Wooden Twist Living,woodentwist,Home Decor,art inspired decor for modern spaces,,,,,,,,,,,,
Supertails,supertails.official,Pet Care,holistic care solutions for beloved pets,,,,,,,,,,,,
Paw Origins,paworigins,Pet Care,holistic care solutions for beloved pets,,,,,,,,,,,,
Thaely,thaely.inc,Footwear,affordable fashion footwear for daily use,,,,,,,,,,,,
Camlin,kokuyo.camlin,Stationery,modern brand shaping stationery experiences,,,,,,,,,,,,
Gala Pen,galapen,Stationery,modern brand shaping stationery experiences,,,,,,,,,,,,
Odd Giraffe,odd.giraffe,Gifting,modern brand shaping gifting experiences,,,,,,,,,,,,
Craft India,craft.india,Home Decor,modern home decor for stylish living,,,,,,,,,,,,
Incredible Gifts,incrediblegifts.in,Gifting,modern brand shaping gifting experiences,,,,,,,,,,,,
BigSmall,bigsmall.in,Gifting,modern brand shaping gifting experiences,,,,,,,,,,,,
Lil Drama,lildramaindia,Kidswear,modern brand shaping kidswear experiences,,,,,,,,,,,,
Beebay,beebay.kids,Kidswear,modern brand shaping kidswear experiences,,,,,,,,,,,,
Assembly Travel,assembly.travel,Travel,modern brand shaping travel experiences,,,,,,,,,,,,
Portronics,portronics.india,Lifestyle Electronics,modern brand shaping lifestyle electronics experiences,,,,,,,,,,,,
Hammer,hammerlifestyle_,Lifestyle Electronics,modern brand shaping lifestyle electronics experiences,,,,,,,,,,,,
Twinings India,twinings.india,Specialty Tea,heritage teas sourced from select gardens,,,,,,,,,,,,
Lululemon,lululemon,Activewear,performance activewear designed for movement,,,,,,,,,,,,
Neutrogena India,neutrogena.india,Skincare,modern brand shaping skincare experiences,,,,,,,,,,,,
OGX India,ogxbeautyindia,Hair Care,salon inspired haircare for stronger hair,,,,,,,,,,,,
Eva Feminine Care,eva__intima,Feminine Hygiene,modern brand shaping feminine hygiene experiences,,,,,,,,,,,,
Nuby India,nuby.india,Baby Care,modern brand shaping baby care experiences,,,,,,,,,,,,
Nourish Organics,nourish.organics,Functional Foods,healthy snacks crafted for mindful eating,,,,,,,,,,,,
Teakruthi,teakruthi,Specialty Tea,luxury tea blends for modern drinkers,,,,,,,,,,,,
Malabar Gold & Diamonds,malabargoldanddiamonds_usa,Jewelry,modern brand shaping jewelry experiences,,,,,,,,,,,,
Featherlite,featherliteofficefurniture,Furniture,crafted furniture blending comfort and design,,,,,,,,,,,,
Jerhigh India,jerhigh.india,Pet Care,holistic care solutions for beloved pets,,,,,,,,,,,,
GreenSole,greensole,Footwear,modern shoes designed for active lifestyles,,,,,,,,,,,,
Conserve India,conserve.india,Sustainable,modern brand shaping sustainable experiences,,,,,,,,,,,,
Away India,away.india,Travel & Luggage,durable luggage designed for modern travelers,,,,,,,,,,,,
Minimalist,beminimalist__,Science Skincare,Ingredient-focused clinical skincare for targeted concerns,,,,,,,,,,,,
Dot & Key,dotandkey.skincare,Science Skincare,Active ingredient skincare with playful branding,,,,,,,,,,,,
Fixderma,fixderma.skincare,Science Skincare,Dermatology-grade skincare for clinical skin treatments,,,,,,,,,,,,
Re'equil,reequil,Science Skincare,Balanced ingredient skincare for sensitive skin,,,,,,,,,,,,
Deconstruct,deconstruct_skincare,Science Skincare,Transparent active-ingredient skincare formulations,,,,,,,,,,,,
Foxtale,foxtaleskin,Science Skincare,Beginner-friendly active skincare routines,,,,,,,,,,,,
Pilgrim,discover.pilgrim,Science Skincare,Global ingredient inspired skincare products,,,,,,,,,,,,
Dr. Sheth's,drsheths,Science Skincare,Dermatologist-created skincare for Indian skin,,,,,,,,,,,,
Hyphen,letshyphen,Science Skincare,Celebrity-backed ingredient-led skincare brand,,,,,,,,,,,,
Skinkraft,skinkraftofficial,Science Skincare,Personalized AI-driven skincare solutions,,,,,,,,,,,,
Mamaearth,mamaearth.in,Natural Skincare,Toxin-free family skincare and personal care,,,,,,,,,,,,
Minimalist Hair,beminimalist__,Hair Care,Ingredient-focused minimalist haircare solutions,,,,,,,,,,,,
Sugar Cosmetics,trysugar,Makeup,Bold high-performance makeup for urban women,,,,,,,,,,,,
Perfora,perforaofficial,Oral Care,Premium oral care with modern design,,,,,,,,,,,,
Nua,nuawoman,Feminine Hygiene,Comfort-focused modern feminine hygiene products,,,,,,,,,,,,
Sirona,sironahygiene,Feminine Hygiene,Innovative feminine hygiene and intimate care,,,,,,,,,,,,
Pee Safe,peesafe,Feminine Hygiene,Intimate hygiene solutions for modern women,,,,,,,,,,,,
Mamaearth Baby,mamaearth.in,Baby Care,Natural toxin-free baby care products,,,,,,,,,,,,
SuperBottoms,superbottoms,Baby Care,Reusable cloth diapers and eco babycare,,,,,,,,,,,,
MuscleBlaze,muscleblaze,Protein Nutrition,Performance protein supplements for athletes,,,,,,,,,,,,
The Whole Truth,thewholetruthfoods,Functional Foods,Clean label snacks with honest ingredients,,,,,,,,,,,,
Sleepy Owl,sleepyowlcoffee,Specialty Coffee,Ready-to-drink and cold brew coffee,,,,,,,,,,,,
Blue Tokai,bluetokaicoffee,Specialty Coffee,Indian specialty coffee roasters and cafes,,,,,,,,,,,,
Rage Coffee,ragecoffee_,Specialty Coffee,Instant craft coffee with functional benefits,,,,,,,,,,,,
Vahdam,vahdamindia,Specialty Tea,Premium Indian tea direct-to-consumer brand,,,,,,,,,,,,
Chaayos,chaayos,Tea / Beverage,Customizable chai cafe experience brand,,,,,,,,,,,,
Country Delight,countrydelight,Dairy & Farm,Farm-fresh milk delivered directly daily,,,,,,,,,,,,
Epigamia,epigamia,Dairy & Farm,Greek yogurt and healthy dairy snacks,,,,,,,,,,,,
Bira 91,bira91beer,Beverages,Craft beer brand for urban consumers,,,,,,,,,,,,
Snitch,snitch.co.in,Men's Fashion,Fast-fashion menswear for young men,,,,,,,,,,,,
Bombay Shirt Company,bombayshirts,Men's Fashion,Custom tailored shirts for modern professionals,,,,,,,,,,,,
Neeman�s,neemansofficial,Footwear,Sustainable merino wool comfortable footwear,,,,,,,,,,,,
Mokobara,mokobara,Travel & Luggage,Premium design-led luggage for travelers,,,,,,,,,,,,
GIVA,giva.co,Jewelry,Affordable silver jewellery for everyday wear,,,,,,,,,,,,
Wakefit,wakefitco,Mattress,Affordable sleep products direct-to-consumer,,,,,,,,,,,,
The Sleep Company,thesleepcompany_official,Mattress,SmartGRID technology mattresses for comfort,,,,,,,,,,,,
Duroflex,duroflexworld,Mattress,Orthopedic mattresses and sleep solutions,,,,,,,,,,,,
Heads Up For Tails,headsupfortails,Pet Care,Premium pet products and services,,,,,,,,,,,,
boAt,boat.nirvana,Lifestyle Electronics,Youth-focused audio and wearable gadgets,,,,,,,,,,,,
Noise,gonoise,Lifestyle Electronics,Affordable smartwatches and audio wearables,,,,,,,,,,,,
Lux,luxindia,Soap & Body Wash,iconic fragrance soap for smooth and glowing skin,,,,,,,,,,,,
Dove,doveindia,Soap & Body Wash,moisturising body care with 1/4 moisturising cream,,,,,,,,,,,,
Lifebuoy,lifebuoyindia,Soap & Body Wash,germ protection soap for family hygiene and health,,,,,,,,,,,,
Dettol,dettol_india,Soap & Body Wash,antibacterial protection for skin and household hygiene,,,,,,,,,,,,
Pears,pearsskincare,Soap & Body Wash,gentle glycerin soap for transparent soft skin,,,,,,,,,,,,
Vaseline,vaselineindia,Soap & Body Wash,healing moisturiser for dry and damaged skin,,,,,,,,,,,,
Pond's India,pondsindia,Soap & Body Wash,brightening and anti-ageing skincare for Indian women,,,,,,,,,,,,
Santoor,santoor,Soap & Body Wash,sandalwood and turmeric soap for youthful glowing skin,,,,,,,,,,,,
Medimix,medimixsoap,Soap & Body Wash,ayurvedic medicated soap for skin problems and pimples,,,,,,,,,,,,
Cinthol,cinthol,Soap & Body Wash,active freshness deodorant soap for confident skin,,,,,,,,,,,,
Hamam,hamamsoap,Soap & Body Wash,natural ingredients soap for soft and safe family skin,,,,,,,,,,,,
Godrej No.1,godrejno1soap,Soap & Body Wash,natural ingredients soap at affordable price for all,,,,,,,,,,,,
Palmolive India,palmoliveindia,Soap & Body Wash,natural inspired body wash and soap for gentle cleansing,,,,,,,,,,,,
Fiama,fiamaindia,Soap & Body Wash,premium botanical body wash and soap by ITC,,,,,,,,,,,,
Savlon,savlonhealthplus,Soap & Body Wash,antiseptic skin care for everyday germ protection,,,,,,,,,,,,
Koparo,koparonatural,Soap & Body Wash,plant based natural home and personal care essentials,,,,,,,,,,,,
The Better Home,thebetterhome,Soap & Body Wash,toxic free sustainable home cleaning and care products,,,,,,,,,,,,
Bombay Shaving Company,bombayshavingcompany,Men's Grooming,premium shaving and grooming kits for modern Indian men,,,,,,,,,,,,
Beardo,beardo_india,Men's Grooming,beard care and grooming products for the bearded man,,,,,,,,,,,,
Gillette India,gilletteindia,Men's Grooming,world's best razor and shaving system for a precise shave,,,,,,,,,,,,
Old Spice India,oldspiceindia,Men's Grooming,classic masculine fragrance and grooming for confident men,,,,,,,,,,,,
Set Wet,setwet,Men's Grooming,affordable hair styling and deodorant for young Indian men,,,,,,,,,,,,
Wildstone,wildstone.official,Men's Grooming,bold masculine fragrance deodorant and body spray,,,,,,,,,,,,
Denver India,denverindia,Men's Grooming,premium men's grooming and fragrance at accessible price,,,,,,,,,,,,
Brut India,brutindia,Men's Grooming,classic masculine deodorant and fragrance for men,,,,,,,,,,,,
Ustraa,ustraa,Men's Grooming,no nonsense grooming products built for real Indian men,,,,,,,,,,,,
Bombay Perfumery,bombayperfumery,Men's Grooming,artisan Indian perfumes and fragrances inspired by Mumbai,,,,,,,,,,,,
Skinn by Titan,skinntitan,Men's Grooming,affordable luxury perfumes and fragrances by Titan,,,,,,,,,,,,
Sunsilk India,sunsilkindia,Hair Care,salon inspired haircare with kerasilk for stronger hair,,,,,,,,,,,,
Garnier India,garnierindia,Hair Care,natural ingredient hair and skin care for everyday use,,,,,,,,,,,,
Dove Hair India,dovehairin,Hair Care,intensive moisture haircare for silky and smooth hair,,,,,,,,,,,,
Livon,livon_india,Hair Care,serum based hair care for frizz free smooth hair finish,,,,,,,,,,,,
Vatika,vatikahairoil,Hair Care,natural enriched hair oil and care for strong healthy hair,,,,,,,,,,,,
Nihar Naturals,niharnaturals,Hair Care,coconut oil enriched haircare for strong and shiny hair,,,,,,,,,,,,
Wella India,wellaindia,Hair Care,professional hair colour and care trusted by salons globally,,,,,,,,,,,,
Fogg,fogg_world,Deodorant & Fragrance,long lasting body spray and perfume at everyday price,,,,,,,,,,,,
Axe India,axeindia,Deodorant & Fragrance,magnetic body spray and grooming for young men,,,,,,,,,,,,
Engage,engage_deo,Deodorant & Fragrance,couple centric pocket perfume for young India by ITC,,,,,,,,,,,,
Layer'r Shot,layrrshot,Deodorant & Fragrance,budget pocket perfume for everyday freshness on the go,,,,,,,,,,,,
Yardley India,yardleyindia,Deodorant & Fragrance,classic English floral fragrance and talc for women,,,,,,,,,,,,
Davidoff India,davidoffindia,Deodorant & Fragrance,premium imported masculine fragrance for aspirational men,,,,,,,,,,,,
Nivea India,niveaindia,Science Skincare,dermatologist tested moisturising skincare for everyday protection,,,,,,,,,,,,
Olay India,olayindia,Science Skincare,age defying skincare with regenerist and vitamin C technology,,,,,,,,,,,,
Glow & Lovely,glowandlovely,Science Skincare,skin brightening and nourishing care for confident women,,,,,,,,,,,,
Boroplus,boroplus,Science Skincare,antiseptic cream and skin protection for everyday healing,,,,,,,,,,,,
Navratna,navratnaindia,Science Skincare,cool oil and talc for heat relief and relaxation,,,,,,,,,,,,
Vivel,vivelindia,Science Skincare,nourishing soap and skincare range by ITC,,,,,,,,,,,,
Vicco,viccoindia,Science Skincare,turmeric based herbal cream for natural skin glow,,,,,,,,,,,,
Biotique India,biotique_world,Natural Skincare,bio botanical skincare with certified organic ingredients,,,,,,,,,,,,
Mismatch,mismatch.in,Makeup,bold indie makeup for Gen Z with unconventional finishes,,,,,,,,,,,,
Elle 18,elle18cosmetics,Makeup,first makeup for young girls with fun bold colours,,,,,,,,,,,,
Rimmel India,rimmelindia,Makeup,London inspired edgy makeup for bold looks,,,,,,,,,,,,
Lotus Makeup,lotusmakeupindia,Makeup,natural ingredient based makeup for Indian skin tones,,,,,,,,,,,,
Coloressence,coloressence,Makeup,professional grade makeup for salon and everyday use,,,,,,,,,,,,
Bla Bli Blue,blabliblue,Makeup,playful colour cosmetics for experimental makeup lovers,,,,,,,,,,,,
Vim,vimindia,Home Cleaning,dishwash gel and bar for tough grease removal,,,,,,,,,,,,
Harpic,harpicindia,Home Cleaning,powerful toilet cleaner for complete germ protection,,,,,,,,,,,,
Lizol,lizolindia,Home Cleaning,floor cleaner with disinfectant for a hygienic home,,,,,,,,,,,,
Colin,colinindia,Home Cleaning,glass and surface cleaner for sparkling home surfaces,,,,,,,,,,,,
Nimyle,nimyle,Home Cleaning,neem based natural floor cleaner safe for kids and pets,,,,,,,,,,,,
Exo,exodishwash,Home Cleaning,dishwash bar and gel for tough Indian kitchen grease,,,,,,,,,,,,
Haldiram's,haldirams.official,FMCG Snacks,India's largest snack brand for traditional namkeens and sweets,,,,,,,,,,,,
Saffola,saffolaindia,FMCG Snacks,heart healthy edible oil and functional foods by Marico,,,,,,,,,,,,
Bournvita,bournvitaindia,FMCG Snacks,chocolate malt drink for energy and immunity for kids,,,,,,,,,,,,
Horlicks,horlicksindia,FMCG Snacks,nutritional drink for taller stronger sharper growth in kids,,,,,,,,,,,,
Complan,complanindia,FMCG Snacks,complete planned nutrition drink for children's growth,,,,,,,,,,,,
Tata Salt,tatasalt,FMCG Snacks,India's most trusted iodised salt for healthy nutrition,,,,,,,,,,,,
MDH Masala,mdhmasalaindia,FMCG Snacks,authentic Indian spice blends trusted for generations,,,,,,,,,,,,
Everest Masala,everestmasala,FMCG Snacks,pure aromatic spices for authentic Indian home cooking,,,,,,,,,,,,
Catch Spices,catchspices,FMCG Snacks,premium spices and seasonings for modern Indian kitchens,,,,,,,,,,,,
Myntra,myntra,eCommerce,India's largest fashion and lifestyle ecommerce destination,,,,,,,,,,,,
Meesho,meesho_app,eCommerce,social commerce platform enabling India's small businesses,,,,,,,,,,,,
AJIO,ajiolife,eCommerce,fashion forward curated shopping platform by Reliance,,,,,,,,,,,,
Tata CLiQ,tatacliq,eCommerce,premium trusted ecommerce for electronics and fashion by TATA,,,,,,,,,,,,
JioMart,jiomart,eCommerce,hyperlocal grocery and essentials delivery by Reliance,,,,,,,,,,,,
Nua Woman,nuawoman,Women's Wellness,period care and women's wellness subscription brand,,,,,,,,,,,,
WPP India,wpp,Media & Advertising,world's largest advertising and marketing services group,,,,,,,,,,,,
GroupM India,groupmindia,Media & Advertising,world's leading media investment and planning company,,,,,,,,,,,,
Mullen Lowe Lintas,mullenlowelintasindia,Media & Advertising,India's top creative advertising and brand building agency,,,,,,,,,,,,
Ogilvy India,ogilvyindia,Media & Advertising,iconic creative agency building brands through big ideas,,,,,,,,,,,,
DDB Mudra,ddbmudra,Media & Advertising,integrated creative agency for brand and digital campaigns,,,,,,,,,,,,
JWT India,jwtindia,Media & Advertising,full service creative agency for brand communication strategy,,,,,,,,,,,,
Havas India,havasindia,Media & Advertising,integrated communications group for meaningful brand content,,,,,,,,,,,,
Publicis India,publicis_india,Media & Advertising,creative and digital solutions for brand transformation,,,,,,,,,,,,
SquadStack,squadstack,Sales Tech,AI powered inside sales and voice agent platform for D2C brands,,,,,,,,,,,,
AU Small Finance Bank,aubankindia,BFSI,digital first banking with premium service for aspirational India,,,,,,,,,,,,
1DigitalStack,1digitalstack,Growth Agency,full stack D2C growth and performance marketing agency,,,,,,,,,,,,
HUL,hindustan_unilever,FMCG Conglomerate,India's largest FMCG company across home beauty and food,,,,,,,,,,,,
USV Pharma,usvpharma,Pharma,India's pioneer in insulin and diabetes care pharma,,,,,,,,,,,,
Ozone Group,ozonegrouppharma,Pharma & Personal Care,pharma backed personal care and hygiene brand house,,,,,,,,,,,,
Cult.fit,curefit,Health & Fitness,fitness studio gym and wellness app for active urban India,,,,,,,,,,,,
